Q,A,U,T
POI_6 POI_241,POI_177,2 2,1 12
POI_6 POI_241 POI_177,POI_203,2 2 2,1 12 9
POI_177 POI_62,POI_38,6 6,1 5
POI_177 POI_62 POI_38,POI_235,6 6 6,1 5 44
POI_202 POI_65,POI_203,6 6,1 0
POI_38 POI_62,POI_179,7 7,1 21
POI_125 POI_124,POI_50,7 7,1 23
POI_65 POI_51,POI_131,8 8,1 54
POI_65 POI_51 POI_131,POI_230,8 8 8,1 54 432
POI_190 POI_230,POI_188,9 9,1 0
POI_190 POI_230 POI_188,POI_90,9 9 9,1 0 76
POI_190 POI_230 POI_188 POI_90,POI_4,9 9 9 9,1 0 76 26
POI_190 POI_230 POI_188 POI_90 POI_4,POI_124,9 9 9 9 9,1 0 76 26 15
POI_190 POI_230 POI_188 POI_90 POI_4 POI_124,POI_136,9 9 9 9 9 9,1 0 76 26 15 19
POI_190 POI_230 POI_188 POI_90 POI_4 POI_124 POI_136,POI_201,9 9 9 9 9 9 9,1 0 76 26 15 19 55
POI_190 POI_230 POI_188 POI_90 POI_4 POI_124 POI_136 POI_201,POI_163,9 9 9 9 9 9 9 9,1 0 76 26 15 19 55 29
POI_202 POI_65,POI_12,10 10,1 63
POI_202 POI_65 POI_12,POI_47,10 10 10,1 63 1
POI_202 POI_65 POI_12 POI_47,POI_201,10 10 10 10,1 63 1 79
POI_95 POI_228,POI_131,11 11,1 27
POI_2 POI_65,POI_235,16 16,1 60
POI_51 POI_188,POI_189,16 16,1 0
POI_216 POI_217,POI_38,19 19,1 1
POI_241 POI_188,POI_236,21 21,1 125
POI_241 POI_188 POI_236,POI_2,21 21 21,1 125 66
POI_62 POI_213,POI_188,21 21,1 170
POI_62 POI_213 POI_188,POI_190,21 21 21,1 170 209
POI_62 POI_213 POI_188 POI_190,POI_230,21 21 21 21,1 170 209 82
POI_62 POI_213 POI_188 POI_190 POI_230,POI_97,21 21 21 21 21,1 170 209 82 87
POI_178 POI_35,POI_38,21 21,1 411
POI_178 POI_35 POI_38,POI_236,21 21 21,1 411 126
POI_178 POI_35 POI_38 POI_236,POI_177,21 21 21 21,1 411 126 49
POI_215 POI_231,POI_230,23 23,1 300
POI_215 POI_231 POI_230,POI_131,23 23 23,1 300 5
POI_215 POI_231 POI_230 POI_131,POI_57,23 23 23 23,1 300 5 56
POI_47 POI_11,POI_57,25 25,1 108
POI_190 POI_35,POI_65,29 29,1 0
POI_190 POI_35 POI_65,POI_235,29 29 29,1 0 0
POI_190 POI_35 POI_65 POI_235,POI_89,29 29 29 29,1 0 0 0
POI_14 POI_90,POI_13,29 29,1 23
POI_117 POI_37,POI_90,29 29,1 12
POI_230 POI_97,POI_99,29 29,1 0
POI_230 POI_97 POI_99,POI_231,29 29 29,1 0 1
POI_230 POI_97 POI_99 POI_231,POI_190,29 29 29 29,1 0 1 5
POI_230 POI_97 POI_99 POI_231 POI_190,POI_61,29 29 29 29 29,1 0 1 5 7
POI_230 POI_97 POI_99 POI_231 POI_190 POI_61,POI_14,29 29 29 29 29 29,1 0 1 5 7 7
POI_79 POI_95,POI_228,30 30,1 7
POI_79 POI_95 POI_228,POI_230,30 30 30,1 7 10
POI_79 POI_95 POI_228 POI_230,POI_235,30 30 30 30,1 7 10 19
POI_79 POI_95 POI_228 POI_230 POI_235,POI_38,30 30 30 30 30,1 7 10 19 60
POI_136 POI_84,POI_93,38 38,1 252
POI_188 POI_12,POI_236,39 39,1 213
POI_235 POI_177,POI_241,42 42,1 20
POI_235 POI_177 POI_241,POI_11,42 42 42,1 20 5
POI_131 POI_12,POI_165,43 43,1 15
POI_190 POI_90,POI_2,43 43,1 19
POI_136 POI_161,POI_56,43 43,1 8
POI_65 POI_90,POI_2,43 43,1 80
POI_65 POI_90 POI_2,POI_190,43 43 43,1 80 1
POI_65 POI_90 POI_2 POI_190,POI_189,43 43 43 43,1 80 1 10
POI_88 POI_130,POI_129,43 43,1 0
POI_116 POI_5,POI_164,43 43,1 124
POI_131 POI_188,POI_190,45 45,1 0
POI_131 POI_188 POI_190,POI_189,45 45 45,1 0 0
POI_131 POI_188 POI_190 POI_189,POI_165,45 45 45 45,1 0 0 0
POI_131 POI_188 POI_190 POI_189 POI_165,POI_65,45 45 45 45 45,1 0 0 0 0
POI_131 POI_188 POI_190 POI_189 POI_165 POI_65,POI_12,45 45 45 45 45 45,1 0 0 0 0 0
POI_70 POI_218,POI_185,47 47,1 2
POI_70 POI_218 POI_185,POI_228,47 47 47,1 2 0
POI_70 POI_218 POI_185 POI_228,POI_190,47 47 47 47,1 2 0 13
POI_70 POI_218 POI_185 POI_228 POI_190,POI_230,47 47 47 47 47,1 2 0 13 10
POI_70 POI_218 POI_185 POI_228 POI_190 POI_230,POI_97,47 47 47 47 47 47,1 2 0 13 10 4
POI_230 POI_93,POI_150,48 48,1 11
POI_230 POI_93 POI_150,POI_88,48 48 48,1 11 27
POI_230 POI_93 POI_150 POI_88,POI_131,48 48 48 48,1 11 27 139
POI_174 POI_162,POI_4,49 49,1 8
POI_174 POI_162 POI_4,POI_124,49 49 49,1 8 16
POI_174 POI_162 POI_4 POI_124,POI_16,49 49 49 49,1 8 16 17
POI_174 POI_162 POI_4 POI_124 POI_16,POI_17,49 49 49 49 49,1 8 16 17 53
POI_174 POI_162 POI_4 POI_124 POI_16 POI_17,POI_159,49 49 49 49 49 49,1 8 16 17 53 2
POI_174 POI_162 POI_4 POI_124 POI_16 POI_17 POI_159,POI_160,49 49 49 49 49 49 49,1 8 16 17 53 2 4
POI_174 POI_162 POI_4 POI_124 POI_16 POI_17 POI_159 POI_160,POI_136,49 49 49 49 49 49 49 49,1 8 16 17 53 2 4 1
POI_221 POI_47,POI_189,49 49,1 22
POI_221 POI_47 POI_189,POI_97,49 49 49,1 22 53
POI_221 POI_47 POI_189 POI_97,POI_230,49 49 49 49,1 22 53 0
POI_221 POI_47 POI_189 POI_97 POI_230,POI_55,49 49 49 49 49,1 22 53 0 2
POI_221 POI_47 POI_189 POI_97 POI_230 POI_55,POI_48,49 49 49 49 49 49,1 22 53 0 2 0
POI_221 POI_47 POI_189 POI_97 POI_230 POI_55 POI_48,POI_173,49 49 49 49 49 49 49,1 22 53 0 2 0 35
POI_221 POI_47 POI_189 POI_97 POI_230 POI_55 POI_48 POI_173,POI_179,49 49 49 49 49 49 49 49,1 22 53 0 2 0 35 1
POI_221 POI_47 POI_189 POI_97 POI_230 POI_55 POI_48 POI_173 POI_179,POI_106,49 49 49 49 49 49 49 49 49,1 22 53 0 2 0 35 1 1
POI_221 POI_47 POI_189 POI_97 POI_230 POI_55 POI_48 POI_173 POI_179 POI_106,POI_70,49 49 49 49 49 49 49 49 49 49,1 22 53 0 2 0 35 1 1 24
POI_221 POI_47 POI_189 POI_97 POI_230 POI_55 POI_48 POI_173 POI_179 POI_106 POI_70,POI_129,49 49 49 49 49 49 49 49 49 49 49,1 22 53 0 2 0 35 1 1 24 12
POI_221 POI_47 POI_189 POI_97 POI_230 POI_55 POI_48 POI_173 POI_179 POI_106 POI_70 POI_129,POI_190,49 49 49 49 49 49 49 49 49 49 49 49,1 22 53 0 2 0 35 1 1 24 12 14
POI_221 POI_47 POI_189 POI_97 POI_230 POI_55 POI_48 POI_173 POI_179 POI_106 POI_70 POI_129 POI_190,POI_185,49 49 49 49 49 49 49 49 49 49 49 49 49,1 22 53 0 2 0 35 1 1 24 12 14 26
POI_124 POI_125,POI_4,50 50,1 224
POI_189 POI_165,POI_201,52 52,1 238
POI_190 POI_55,POI_88,57 57,1 9
POI_190 POI_55 POI_88,POI_84,57 57 57,1 9 41
POI_190 POI_55 POI_88 POI_84,POI_35,57 57 57 57,1 9 41 9
POI_51 POI_202,POI_35,58 58,1 24
POI_51 POI_202 POI_35,POI_190,58 58 58,1 24 62
POI_51 POI_202 POI_35 POI_190,POI_131,58 58 58 58,1 24 62 6
POI_51 POI_202 POI_35 POI_190 POI_131,POI_213,58 58 58 58 58,1 24 62 6 14
POI_98 POI_4,POI_124,77 77,1 155
POI_98 POI_4 POI_124,POI_65,77 77 77,1 155 7
POI_190 POI_188,POI_189,82 82,1 68
POI_150 POI_230,POI_99,82 82,1 2
POI_98 POI_135,POI_130,82 82,1 19
POI_152 POI_38,POI_84,82 82,1 216
POI_90 POI_132,POI_120,82 82,1 1
POI_4 POI_220,POI_124,83 83,1 6
POI_4 POI_220 POI_124,POI_125,83 83 83,1 6 2
POI_4 POI_220 POI_124 POI_125,POI_50,83 83 83 83,1 6 2 9
POI_4 POI_220 POI_124 POI_125 POI_50,POI_84,83 83 83 83 83,1 6 2 9 32
POI_4 POI_220 POI_124 POI_125 POI_50 POI_84,POI_72,83 83 83 83 83 83,1 6 2 9 32 131
POI_4 POI_220 POI_124 POI_125 POI_50 POI_84 POI_72,POI_228,83 83 83 83 83 83 83,1 6 2 9 32 131 4
POI_4 POI_220 POI_124 POI_125 POI_50 POI_84 POI_72 POI_228,POI_185,83 83 83 83 83 83 83 83,1 6 2 9 32 131 4 0
POI_4 POI_220 POI_124 POI_125 POI_50 POI_84 POI_72 POI_228 POI_185,POI_187,83 83 83 83 83 83 83 83 83,1 6 2 9 32 131 4 0 31
POI_131 POI_98,POI_133,84 84,1 0
POI_133 POI_98,POI_84,84 84,1 10
POI_133 POI_98 POI_84,POI_224,84 84 84,1 10 20
POI_133 POI_98 POI_84 POI_224,POI_228,84 84 84 84,1 10 20 1
POI_133 POI_98 POI_84 POI_224 POI_228,POI_187,84 84 84 84 84,1 10 20 1 7
POI_133 POI_98 POI_84 POI_224 POI_228 POI_187,POI_185,84 84 84 84 84 84,1 10 20 1 7 12
POI_133 POI_98 POI_84 POI_224 POI_228 POI_187 POI_185,POI_232,84 84 84 84 84 84 84,1 10 20 1 7 12 7
POI_230 POI_134,POI_135,84 84,1 31
POI_163 POI_202,POI_35,88 88,1 0
POI_163 POI_202 POI_35,POI_188,88 88 88,1 0 59
POI_163 POI_202 POI_35 POI_188,POI_230,88 88 88 88,1 0 59 3
POI_224 POI_223,POI_35,88 88,1 14
POI_230 POI_99,POI_231,89 89,1 6
POI_230 POI_99 POI_231,POI_188,89 89 89,1 6 2
POI_230 POI_99 POI_231 POI_188,POI_35,89 89 89 89,1 6 2 13
POI_230 POI_99 POI_231 POI_188 POI_35,POI_90,89 89 89 89 89,1 6 2 13 44
POI_230 POI_99 POI_231 POI_188 POI_35 POI_90,POI_84,89 89 89 89 89 89,1 6 2 13 44 17
POI_230 POI_99 POI_231 POI_188 POI_35 POI_90 POI_84,POI_228,89 89 89 89 89 89 89,1 6 2 13 44 17 192
POI_230 POI_99 POI_231 POI_188 POI_35 POI_90 POI_84 POI_228,POI_131,89 89 89 89 89 89 89 89,1 6 2 13 44 17 192 5
POI_230 POI_99 POI_231 POI_188 POI_35 POI_90 POI_84 POI_228 POI_131,POI_3,89 89 89 89 89 89 89 89 89,1 6 2 13 44 17 192 5 391
POI_230 POI_99 POI_231 POI_188 POI_35 POI_90 POI_84 POI_228 POI_131 POI_3,POI_29,89 89 89 89 89 89 89 89 89 89,1 6 2 13 44 17 192 5 391 96
POI_47 POI_4,POI_220,89 89,1 171
POI_47 POI_4 POI_220,POI_124,89 89 89,1 171 12
POI_47 POI_4 POI_220 POI_124,POI_208,89 89 89 89,1 171 12 8
POI_47 POI_4 POI_220 POI_124 POI_208,POI_62,89 89 89 89 89,1 171 12 8 65
POI_47 POI_4 POI_220 POI_124 POI_208 POI_62,POI_136,89 89 89 89 89 89,1 171 12 8 65 4
POI_47 POI_4 POI_220 POI_124 POI_208 POI_62 POI_136,POI_87,89 89 89 89 89 89 89,1 171 12 8 65 4 4
POI_47 POI_4 POI_220 POI_124 POI_208 POI_62 POI_136 POI_87,POI_216,89 89 89 89 89 89 89 89,1 171 12 8 65 4 4 16
POI_150 POI_35,POI_38,89 89,1 178
POI_95 POI_57,POI_224,90 90,1 406
POI_95 POI_57 POI_224,POI_99,90 90 90,1 406 42
POI_95 POI_57 POI_224 POI_99,POI_229,90 90 90 90,1 406 42 0
POI_95 POI_57 POI_224 POI_99 POI_229,POI_230,90 90 90 90 90,1 406 42 0 10
POI_95 POI_57 POI_224 POI_99 POI_229 POI_230,POI_55,90 90 90 90 90 90,1 406 42 0 10 37
POI_65 POI_202,POI_12,91 91,1 9
POI_230 POI_14,POI_87,93 93,1 34
POI_230 POI_14 POI_87,POI_65,93 93 93,1 34 49
POI_218 POI_95,POI_131,97 97,1 12
POI_218 POI_95 POI_131,POI_230,97 97 97,1 12 34
POI_218 POI_95 POI_131 POI_230,POI_188,97 97 97 97,1 12 34 7
POI_218 POI_95 POI_131 POI_230 POI_188,POI_2,97 97 97 97 97,1 12 34 7 1
POI_218 POI_95 POI_131 POI_230 POI_188 POI_2,POI_38,97 97 97 97 97 97,1 12 34 7 1 7
POI_38 POI_102,POI_105,97 97,1 64
POI_38 POI_102 POI_105,POI_101,97 97 97,1 64 13
POI_131 POI_84,POI_223,97 97,1 20
POI_2 POI_66,POI_188,97 97,1 21
POI_2 POI_66 POI_188,POI_99,97 97 97,1 21 0
POI_2 POI_66 POI_188 POI_99,POI_190,97 97 97 97,1 21 0 7
POI_2 POI_66 POI_188 POI_99 POI_190,POI_68,97 97 97 97 97,1 21 0 7 12
POI_97 POI_93,POI_131,98 98,1 259
POI_90 POI_38,POI_97,100 100,1 7
POI_90 POI_38 POI_97,POI_99,100 100 100,1 7 111
POI_177 POI_165,POI_163,102 102,1 38
POI_65 POI_202,POI_163,102 102,1 36
POI_230 POI_188,POI_99,105 105,1 2
POI_230 POI_188 POI_99,POI_131,105 105 105,1 2 6
POI_230 POI_188 POI_99 POI_131,POI_190,105 105 105 105,1 2 6 8
POI_230 POI_188 POI_99 POI_131 POI_190,POI_84,105 105 105 105 105,1 2 6 8 10
POI_131 POI_224,POI_229,105 105,1 8
POI_131 POI_224 POI_229,POI_223,105 105 105,1 8 0
POI_131 POI_224 POI_229 POI_223,POI_154,105 105 105 105,1 8 0 6
POI_131 POI_224 POI_229 POI_223 POI_154,POI_157,105 105 105 105 105,1 8 0 6 10
POI_131 POI_224 POI_229 POI_223 POI_154 POI_157,POI_84,105 105 105 105 105 105,1 8 0 6 10 7
POI_131 POI_224 POI_229 POI_223 POI_154 POI_157 POI_84,POI_228,105 105 105 105 105 105 105,1 8 0 6 10 7 0
POI_131 POI_224 POI_229 POI_223 POI_154 POI_157 POI_84 POI_228,POI_19,105 105 105 105 105 105 105 105,1 8 0 6 10 7 0 2
POI_131 POI_224 POI_229 POI_223 POI_154 POI_157 POI_84 POI_228 POI_19,POI_190,105 105 105 105 105 105 105 105 105,1 8 0 6 10 7 0 2 3
POI_230 POI_38,POI_235,105 105,1 37
POI_230 POI_38 POI_235,POI_236,105 105 105,1 37 53
POI_230 POI_38 POI_235 POI_236,POI_35,105 105 105 105,1 37 53 3
POI_230 POI_38 POI_235 POI_236 POI_35,POI_190,105 105 105 105 105,1 37 53 3 21
POI_2 POI_235,POI_190,107 107,1 0
POI_2 POI_235 POI_190,POI_35,107 107 107,1 0 93
POI_2 POI_235 POI_190 POI_35,POI_90,107 107 107 107,1 0 93 6
POI_213 POI_164,POI_66,107 107,1 2
POI_213 POI_164 POI_66,POI_90,107 107 107,1 2 3
POI_23 POI_48,POI_227,107 107,1 1
POI_23 POI_48 POI_227,POI_195,107 107 107,1 1 15
POI_23 POI_48 POI_227 POI_195,POI_114,107 107 107 107,1 1 15 5
POI_23 POI_48 POI_227 POI_195 POI_114,POI_9,107 107 107 107 107,1 1 15 5 2
POI_208 POI_194,POI_34,107 107,1 6
POI_208 POI_194 POI_34,POI_16,107 107 107,1 6 1
POI_208 POI_194 POI_34 POI_16,POI_17,107 107 107 107,1 6 1 6
POI_90 POI_130,POI_131,109 109,1 89
POI_89 POI_87,POI_208,113 113,1 12
POI_130 POI_55,POI_136,119 119,1 0
POI_38 POI_35,POI_188,120 120,1 16
POI_38 POI_35 POI_188,POI_90,120 120 120,1 16 10
POI_90 POI_223,POI_97,121 121,1 74
POI_90 POI_223 POI_97,POI_133,121 121 121,1 74 1
POI_90 POI_223 POI_97 POI_133,POI_188,121 121 121 121,1 74 1 85
POI_90 POI_223 POI_97 POI_133 POI_188,POI_57,121 121 121 121 121,1 74 1 85 82
POI_11 POI_136,POI_13,122 122,1 30
POI_11 POI_136 POI_13,POI_2,122 122 122,1 30 212
POI_11 POI_136 POI_13 POI_2,POI_7,122 122 122 122,1 30 212 2
POI_11 POI_136 POI_13 POI_2 POI_7,POI_74,122 122 122 122 122,1 30 212 2 77
POI_11 POI_136 POI_13 POI_2 POI_7 POI_74,POI_72,122 122 122 122 122 122,1 30 212 2 77 7
POI_11 POI_136 POI_13 POI_2 POI_7 POI_74 POI_72,POI_163,122 122 122 122 122 122 122,1 30 212 2 77 7 8
POI_235 POI_164,POI_163,125 125,1 5
POI_135 POI_152,POI_150,131 131,1 55
POI_135 POI_152 POI_150,POI_203,131 131 131,1 55 48
POI_48 POI_125,POI_4,135 135,1 2
POI_131 POI_190,POI_35,136 136,1 5
POI_219 POI_121,POI_120,137 137,1 84
POI_12 POI_65,POI_203,137 137,1 2
POI_213 POI_38,POI_124,139 139,1 131
POI_213 POI_38 POI_124,POI_230,139 139 139,1 131 360
POI_80 POI_131,POI_63,140 140,1 0
POI_80 POI_131 POI_63,POI_90,140 140 140,1 0 2
POI_80 POI_131 POI_63 POI_90,POI_217,140 140 140 140,1 0 2 1
POI_80 POI_131 POI_63 POI_90 POI_217,POI_183,140 140 140 140 140,1 0 2 1 0
POI_80 POI_131 POI_63 POI_90 POI_217 POI_183,POI_189,140 140 140 140 140 140,1 0 2 1 0 0
POI_80 POI_131 POI_63 POI_90 POI_217 POI_183 POI_189,POI_177,140 140 140 140 140 140 140,1 0 2 1 0 0 4
POI_90 POI_38,POI_236,147 147,1 29
POI_88 POI_97,POI_188,150 150,1 16
POI_228 POI_65,POI_97,152 152,1 161
POI_187 POI_185,POI_218,155 155,1 53
POI_188 POI_4,POI_124,156 156,1 35
POI_188 POI_4 POI_124,POI_125,156 156 156,1 35 6
POI_188 POI_4 POI_124 POI_125,POI_85,156 156 156 156,1 35 6 111
POI_188 POI_4 POI_124 POI_125 POI_85,POI_120,156 156 156 156 156,1 35 6 111 141
POI_188 POI_4 POI_124 POI_125 POI_85 POI_120,POI_132,156 156 156 156 156 156,1 35 6 111 141 79
POI_188 POI_4 POI_124 POI_125 POI_85 POI_120 POI_132,POI_99,156 156 156 156 156 156 156,1 35 6 111 141 79 13
POI_188 POI_4 POI_124 POI_125 POI_85 POI_120 POI_132 POI_99,POI_130,156 156 156 156 156 156 156 156,1 35 6 111 141 79 13 9
POI_188 POI_4 POI_124 POI_125 POI_85 POI_120 POI_132 POI_99 POI_130,POI_88,156 156 156 156 156 156 156 156 156,1 35 6 111 141 79 13 9 11
POI_188 POI_4 POI_124 POI_125 POI_85 POI_120 POI_132 POI_99 POI_130 POI_88,POI_131,156 156 156 156 156 156 156 156 156 156,1 35 6 111 141 79 13 9 11 8
POI_188 POI_4 POI_124 POI_125 POI_85 POI_120 POI_132 POI_99 POI_130 POI_88 POI_131,POI_84,156 156 156 156 156 156 156 156 156 156 156,1 35 6 111 141 79 13 9 11 8 45
POI_131 POI_97,POI_99,156 156,1 42
POI_131 POI_97 POI_99,POI_188,156 156 156,1 42 9
POI_131 POI_97 POI_99 POI_188,POI_230,156 156 156 156,1 42 9 19
POI_220 POI_125,POI_124,157 157,1 47
POI_220 POI_125 POI_124,POI_61,157 157 157,1 47 86
POI_37 POI_95,POI_70,157 157,1 74
POI_65 POI_23,POI_50,157 157,1 14
POI_201 POI_12,POI_203,157 157,1 2
POI_130 POI_55,POI_57,157 157,1 4
POI_130 POI_55 POI_57,POI_131,157 157 157,1 4 6
POI_130 POI_55 POI_57 POI_131,POI_90,157 157 157 157,1 4 6 3
POI_130 POI_55 POI_57 POI_131 POI_90,POI_2,157 157 157 157 157,1 4 6 3 49
POI_130 POI_55 POI_57 POI_131 POI_90 POI_2,POI_38,157 157 157 157 157 157,1 4 6 3 49 8
POI_130 POI_55 POI_57 POI_131 POI_90 POI_2 POI_38,POI_236,157 157 157 157 157 157 157,1 4 6 3 49 8 4
POI_48 POI_23,POI_161,157 157,1 45
POI_48 POI_23 POI_161,POI_50,157 157 157,1 45 138
POI_177 POI_241,POI_202,157 157,1 2
POI_81 POI_79,POI_177,157 157,1 1
POI_230 POI_98,POI_190,157 157,1 27
POI_35 POI_84,POI_165,157 157,1 73
POI_35 POI_84 POI_165,POI_65,157 157 157,1 73 120
POI_218 POI_185,POI_228,158 158,1 21
POI_218 POI_185 POI_228,POI_131,158 158 158,1 21 10
POI_7 POI_235,POI_236,158 158,1 34
POI_7 POI_235 POI_236,POI_90,158 158 158,1 34 9
POI_7 POI_235 POI_236 POI_90,POI_190,158 158 158 158,1 34 9 14
POI_7 POI_235 POI_236 POI_90 POI_190,POI_188,158 158 158 158 158,1 34 9 14 17
POI_7 POI_235 POI_236 POI_90 POI_190 POI_188,POI_230,158 158 158 158 158 158,1 34 9 14 17 5
POI_7 POI_235 POI_236 POI_90 POI_190 POI_188 POI_230,POI_97,158 158 158 158 158 158 158,1 34 9 14 17 5 8
POI_7 POI_235 POI_236 POI_90 POI_190 POI_188 POI_230 POI_97,POI_131,158 158 158 158 158 158 158 158,1 34 9 14 17 5 8 4
POI_7 POI_235 POI_236 POI_90 POI_190 POI_188 POI_230 POI_97 POI_131,POI_84,158 158 158 158 158 158 158 158 158,1 34 9 14 17 5 8 4 11
POI_7 POI_235 POI_236 POI_90 POI_190 POI_188 POI_230 POI_97 POI_131 POI_84,POI_228,158 158 158 158 158 158 158 158 158 158,1 34 9 14 17 5 8 4 11 3
POI_7 POI_235 POI_236 POI_90 POI_190 POI_188 POI_230 POI_97 POI_131 POI_84 POI_228,POI_187,158 158 158 158 158 158 158 158 158 158 158,1 34 9 14 17 5 8 4 11 3 18
POI_7 POI_235 POI_236 POI_90 POI_190 POI_188 POI_230 POI_97 POI_131 POI_84 POI_228 POI_187,POI_5,158 158 158 158 158 158 158 158 158 158 158 158,1 34 9 14 17 5 8 4 11 3 18 11
POI_7 POI_235 POI_236 POI_90 POI_190 POI_188 POI_230 POI_97 POI_131 POI_84 POI_228 POI_187 POI_5,POI_61,158 158 158 158 158 158 158 158 158 158 158 158 158,1 34 9 14 17 5 8 4 11 3 18 11 137
POI_7 POI_235 POI_236 POI_90 POI_190 POI_188 POI_230 POI_97 POI_131 POI_84 POI_228 POI_187 POI_5 POI_61,POI_232,158 158 158 158 158 158 158 158 158 158 158 158 158 158,1 34 9 14 17 5 8 4 11 3 18 11 137 25
POI_190 POI_97,POI_188,160 160,1 7
POI_189 POI_35,POI_188,160 160,1 25
POI_189 POI_35 POI_188,POI_97,160 160 160,1 25 21
POI_235 POI_35,POI_76,163 163,1 170
POI_190 POI_132,POI_120,164 164,1 13
POI_70 POI_90,POI_4,165 165,1 110
POI_202 POI_65,POI_99,166 166,1 3
POI_57 POI_88,POI_99,166 166,1 10
POI_56 POI_88,POI_130,169 169,1 9
POI_80 POI_109,POI_230,170 170,1 1
POI_80 POI_109 POI_230,POI_79,170 170 170,1 1 1
POI_80 POI_109 POI_230 POI_79,POI_190,170 170 170 170,1 1 1 10
POI_122 POI_219,POI_76,173 173,1 0
POI_122 POI_219 POI_76,POI_150,173 173 173,1 0 0
POI_122 POI_219 POI_76 POI_150,POI_4,173 173 173 173,1 0 0 0
POI_189 POI_35,POI_51,174 174,1 69
POI_190 POI_131,POI_224,175 175,1 20
POI_190 POI_90,POI_35,181 181,1 45
POI_11 POI_47,POI_202,182 182,1 90
POI_11 POI_47 POI_202,POI_201,182 182 182,1 90 13
POI_11 POI_47 POI_202 POI_201,POI_65,182 182 182 182,1 90 13 12
POI_11 POI_47 POI_202 POI_201 POI_65,POI_14,182 182 182 182 182,1 90 13 12 26
POI_11 POI_47 POI_202 POI_201 POI_65 POI_14,POI_13,182 182 182 182 182 182,1 90 13 12 26 10
POI_11 POI_47 POI_202 POI_201 POI_65 POI_14 POI_13,POI_66,182 182 182 182 182 182 182,1 90 13 12 26 10 0
POI_11 POI_47 POI_202 POI_201 POI_65 POI_14 POI_13 POI_66,POI_189,182 182 182 182 182 182 182 182,1 90 13 12 26 10 0 3
POI_11 POI_47 POI_202 POI_201 POI_65 POI_14 POI_13 POI_66 POI_189,POI_231,182 182 182 182 182 182 182 182 182,1 90 13 12 26 10 0 3 1
POI_11 POI_47 POI_202 POI_201 POI_65 POI_14 POI_13 POI_66 POI_189 POI_231,POI_230,182 182 182 182 182 182 182 182 182 182,1 90 13 12 26 10 0 3 1 11
POI_11 POI_47 POI_202 POI_201 POI_65 POI_14 POI_13 POI_66 POI_189 POI_231 POI_230,POI_131,182 182 182 182 182 182 182 182 182 182 182,1 90 13 12 26 10 0 3 1 11 7
POI_11 POI_47 POI_202 POI_201 POI_65 POI_14 POI_13 POI_66 POI_189 POI_231 POI_230 POI_131,POI_55,182 182 182 182 182 182 182 182 182 182 182 182,1 90 13 12 26 10 0 3 1 11 7 3
POI_241 POI_177,POI_189,183 183,1 2
POI_241 POI_177 POI_189,POI_90,183 183 183,1 2 54
POI_241 POI_177 POI_189 POI_90,POI_99,183 183 183 183,1 2 54 29
POI_241 POI_177 POI_189 POI_90 POI_99,POI_131,183 183 183 183 183,1 2 54 29 25
POI_241 POI_177 POI_189 POI_90 POI_99 POI_131,POI_35,183 183 183 183 183 183,1 2 54 29 25 10
POI_241 POI_177 POI_189 POI_90 POI_99 POI_131 POI_35,POI_236,183 183 183 183 183 183 183,1 2 54 29 25 10 26
POI_99 POI_231,POI_235,188 188,1 284
POI_68 POI_87,POI_159,188 188,1 25
POI_213 POI_97,POI_131,193 193,1 32
POI_213 POI_97 POI_131,POI_130,193 193 193,1 32 77
POI_236 POI_5,POI_35,193 193,1 15
POI_236 POI_5 POI_35,POI_188,193 193 193,1 15 52
POI_236 POI_5 POI_35 POI_188,POI_132,193 193 193 193,1 15 52 26
POI_230 POI_231,POI_38,195 195,1 127
POI_230 POI_231 POI_38,POI_130,195 195 195,1 127 38
POI_189 POI_235,POI_230,196 196,1 2
POI_189 POI_98,POI_188,200 200,1 4
POI_189 POI_98 POI_188,POI_190,200 200 200,1 4 15
POI_189 POI_98 POI_188 POI_190,POI_235,200 200 200 200,1 4 15 12
POI_189 POI_98 POI_188 POI_190 POI_235,POI_35,200 200 200 200 200,1 4 15 12 29
POI_189 POI_98 POI_188 POI_190 POI_235 POI_35,POI_90,200 200 200 200 200 200,1 4 15 12 29 52
POI_189 POI_98 POI_188 POI_190 POI_235 POI_35 POI_90,POI_66,200 200 200 200 200 200 200,1 4 15 12 29 52 1
POI_189 POI_98 POI_188 POI_190 POI_235 POI_35 POI_90 POI_66,POI_17,200 200 200 200 200 200 200 200,1 4 15 12 29 52 1 4
POI_189 POI_98 POI_188 POI_190 POI_235 POI_35 POI_90 POI_66 POI_17,POI_87,200 200 200 200 200 200 200 200 200,1 4 15 12 29 52 1 4 392
POI_235 POI_236,POI_132,200 200,1 4
POI_235 POI_236 POI_132,POI_228,200 200 200,1 4 394
POI_188 POI_219,POI_12,203 203,1 19
POI_218 POI_97,POI_230,204 204,1 55
POI_109 POI_232,POI_228,206 206,1 28
POI_197 POI_205,POI_237,206 206,1 38
POI_231 POI_97,POI_150,207 207,1 89
POI_189 POI_97,POI_62,210 210,1 113
POI_38 POI_90,POI_188,211 211,1 157
POI_38 POI_90 POI_188,POI_35,211 211 211,1 157 54
POI_90 POI_35,POI_96,213 213,1 11
POI_90 POI_35 POI_96,POI_194,213 213 213,1 11 46
POI_90 POI_35 POI_96 POI_194,POI_87,213 213 213 213,1 11 46 1
POI_90 POI_35 POI_96 POI_194 POI_87,POI_159,213 213 213 213 213,1 11 46 1 2
POI_90 POI_35 POI_96 POI_194 POI_87 POI_159,POI_67,213 213 213 213 213 213,1 11 46 1 2 17
POI_90 POI_35 POI_96 POI_194 POI_87 POI_159 POI_67,POI_216,213 213 213 213 213 213 213,1 11 46 1 2 17 6
POI_90 POI_35 POI_96 POI_194 POI_87 POI_159 POI_67 POI_216,POI_100,213 213 213 213 213 213 213 213,1 11 46 1 2 17 6 13
POI_90 POI_35 POI_96 POI_194 POI_87 POI_159 POI_67 POI_216 POI_100,POI_61,213 213 213 213 213 213 213 213 213,1 11 46 1 2 17 6 13 15
POI_90 POI_35 POI_96 POI_194 POI_87 POI_159 POI_67 POI_216 POI_100 POI_61,POI_105,213 213 213 213 213 213 213 213 213 213,1 11 46 1 2 17 6 13 15 31
POI_90 POI_35 POI_96 POI_194 POI_87 POI_159 POI_67 POI_216 POI_100 POI_61 POI_105,POI_70,213 213 213 213 213 213 213 213 213 213 213,1 11 46 1 2 17 6 13 15 31 140
POI_90 POI_35 POI_96 POI_194 POI_87 POI_159 POI_67 POI_216 POI_100 POI_61 POI_105 POI_70,POI_95,213 213 213 213 213 213 213 213 213 213 213 213,1 11 46 1 2 17 6 13 15 31 140 27
POI_90 POI_35 POI_96 POI_194 POI_87 POI_159 POI_67 POI_216 POI_100 POI_61 POI_105 POI_70 POI_95,POI_98,213 213 213 213 213 213 213 213 213 213 213 213 213,1 11 46 1 2 17 6 13 15 31 140 27 5
POI_90 POI_35 POI_96 POI_194 POI_87 POI_159 POI_67 POI_216 POI_100 POI_61 POI_105 POI_70 POI_95 POI_98,POI_99,213 213 213 213 213 213 213 213 213 213 213 213 213 213,1 11 46 1 2 17 6 13 15 31 140 27 5 91
POI_201 POI_65,POI_203,213 213,1 16
POI_201 POI_65 POI_203,POI_150,213 213 213,1 16 29
POI_98 POI_190,POI_228,215 215,1 14
POI_161 POI_66,POI_188,215 215,1 267
POI_38 POI_65,POI_81,217 217,1 233
POI_193 POI_96,POI_87,220 220,1 2
POI_193 POI_96 POI_87,POI_188,220 220 220,1 2 6
POI_231 POI_5,POI_228,223 223,1 123
POI_98 POI_231,POI_230,223 223,1 1
POI_152 POI_90,POI_2,226 226,1 175
POI_152 POI_90 POI_2,POI_66,226 226 226,1 175 3
POI_152 POI_90 POI_2 POI_66,POI_188,226 226 226 226,1 175 3 3
POI_205 POI_173,POI_228,226 226,1 142
POI_90 POI_13,POI_89,227 227,1 6
POI_13 POI_89,POI_90,227 227,1 6
POI_62 POI_90,POI_14,227 227,1 16
POI_62 POI_90 POI_14,POI_89,227 227 227,1 16 7
POI_13 POI_160,POI_89,227 227,1 8
POI_89 POI_67,POI_136,227 227,1 15
POI_89 POI_67 POI_136,POI_90,227 227 227,1 15 6
POI_190 POI_38,POI_5,234 234,1 95
POI_190 POI_38 POI_5,POI_4,234 234 234,1 95 43
POI_190 POI_38 POI_5 POI_4,POI_150,234 234 234 234,1 95 43 6
POI_190 POI_38 POI_5 POI_4 POI_150,POI_230,234 234 234 234 234,1 95 43 6 234
POI_190 POI_38 POI_5 POI_4 POI_150 POI_230,POI_224,234 234 234 234 234 234,1 95 43 6 234 111
POI_189 POI_231,POI_228,238 238,1 70
POI_65 POI_228,POI_202,239 239,1 28
POI_2 POI_65,POI_235,240 240,1 1
POI_2 POI_65 POI_235,POI_190,240 240 240,1 1 90
POI_2 POI_65 POI_235 POI_190,POI_5,240 240 240 240,1 1 90 70
POI_130 POI_6,POI_188,240 240,1 126
POI_230 POI_99,POI_190,241 241,1 138
POI_230 POI_99 POI_190,POI_84,241 241 241,1 138 8
POI_230 POI_99 POI_190 POI_84,POI_187,241 241 241 241,1 138 8 13
POI_84 POI_190,POI_188,244 244,1 104
POI_84 POI_190 POI_188,POI_230,244 244 244,1 104 1
POI_84 POI_190 POI_188 POI_230,POI_235,244 244 244 244,1 104 1 10
POI_84 POI_190 POI_188 POI_230 POI_235,POI_38,244 244 244 244 244,1 104 1 10 207
POI_84 POI_190 POI_188 POI_230 POI_235 POI_38,POI_14,244 244 244 244 244 244,1 104 1 10 207 3
POI_84 POI_190 POI_188 POI_230 POI_235 POI_38 POI_14,POI_189,244 244 244 244 244 244 244,1 104 1 10 207 3 110
POI_84 POI_190 POI_188 POI_230 POI_235 POI_38 POI_14 POI_189,POI_131,244 244 244 244 244 244 244 244,1 104 1 10 207 3 110 4
POI_84 POI_190 POI_188 POI_230 POI_235 POI_38 POI_14 POI_189 POI_131,POI_228,244 244 244 244 244 244 244 244 244,1 104 1 10 207 3 110 4 9
POI_84 POI_190 POI_188 POI_230 POI_235 POI_38 POI_14 POI_189 POI_131 POI_228,POI_95,244 244 244 244 244 244 244 244 244 244,1 104 1 10 207 3 110 4 9 11
POI_84 POI_190 POI_188 POI_230 POI_235 POI_38 POI_14 POI_189 POI_131 POI_228 POI_95,POI_66,244 244 244 244 244 244 244 244 244 244 244,1 104 1 10 207 3 110 4 9 11 31
POI_65 POI_12,POI_165,244 244,1 2
POI_65 POI_12 POI_165,POI_47,244 244 244,1 2 0
POI_17 POI_87,POI_182,244 244,1 4
POI_17 POI_87 POI_182,POI_183,244 244 244,1 4 25
POI_17 POI_87 POI_182 POI_183,POI_4,244 244 244 244,1 4 25 4
POI_17 POI_87 POI_182 POI_183 POI_4,POI_125,244 244 244 244 244,1 4 25 4 35
POI_17 POI_87 POI_182 POI_183 POI_4 POI_125,POI_213,244 244 244 244 244 244,1 4 25 4 35 15
POI_17 POI_87 POI_182 POI_183 POI_4 POI_125 POI_213,POI_202,244 244 244 244 244 244 244,1 4 25 4 35 15 130
POI_17 POI_87 POI_182 POI_183 POI_4 POI_125 POI_213 POI_202,POI_65,244 244 244 244 244 244 244 244,1 4 25 4 35 15 130 8
POI_17 POI_87 POI_182 POI_183 POI_4 POI_125 POI_213 POI_202 POI_65,POI_2,244 244 244 244 244 244 244 244 244,1 4 25 4 35 15 130 8 4
POI_17 POI_87 POI_182 POI_183 POI_4 POI_125 POI_213 POI_202 POI_65 POI_2,POI_90,244 244 244 244 244 244 244 244 244 244,1 4 25 4 35 15 130 8 4 15
POI_17 POI_87 POI_182 POI_183 POI_4 POI_125 POI_213 POI_202 POI_65 POI_2 POI_90,POI_35,244 244 244 244 244 244 244 244 244 244 244,1 4 25 4 35 15 130 8 4 15 13
POI_17 POI_87 POI_182 POI_183 POI_4 POI_125 POI_213 POI_202 POI_65 POI_2 POI_90 POI_35,POI_188,244 244 244 244 244 244 244 244 244 244 244 244,1 4 25 4 35 15 130 8 4 15 13 2
POI_17 POI_87 POI_182 POI_183 POI_4 POI_125 POI_213 POI_202 POI_65 POI_2 POI_90 POI_35 POI_188,POI_230,244 244 244 244 244 244 244 244 244 244 244 244 244,1 4 25 4 35 15 130 8 4 15 13 2 9
POI_17 POI_87 POI_182 POI_183 POI_4 POI_125 POI_213 POI_202 POI_65 POI_2 POI_90 POI_35 POI_188 POI_230,POI_131,244 244 244 244 244 244 244 244 244 244 244 244 244 244,1 4 25 4 35 15 130 8 4 15 13 2 9 2
POI_17 POI_87 POI_182 POI_183 POI_4 POI_125 POI_213 POI_202 POI_65 POI_2 POI_90 POI_35 POI_188 POI_230 POI_131,POI_228,244 244 244 244 244 244 244 244 244 244 244 244 244 244 244,1 4 25 4 35 15 130 8 4 15 13 2 9 2 24
POI_17 POI_87 POI_182 POI_183 POI_4 POI_125 POI_213 POI_202 POI_65 POI_2 POI_90 POI_35 POI_188 POI_230 POI_131 POI_228,POI_84,244 244 244 244 244 244 244 244 244 244 244 244 244 244 244 244,1 4 25 4 35 15 130 8 4 15 13 2 9 2 24 41
POI_17 POI_87 POI_182 POI_183 POI_4 POI_125 POI_213 POI_202 POI_65 POI_2 POI_90 POI_35 POI_188 POI_230 POI_131 POI_228 POI_84,POI_57,244 244 244 244 244 244 244 244 244 244 244 244 244 244 244 244 244,1 4 25 4 35 15 130 8 4 15 13 2 9 2 24 41 16
POI_17 POI_87 POI_182 POI_183 POI_4 POI_125 POI_213 POI_202 POI_65 POI_2 POI_90 POI_35 POI_188 POI_230 POI_131 POI_228 POI_84 POI_57,POI_55,244 244 244 244 244 244 244 244 244 244 244 244 244 244 244 244 244 244,1 4 25 4 35 15 130 8 4 15 13 2 9 2 24 41 16 15
POI_17 POI_87 POI_182 POI_183 POI_4 POI_125 POI_213 POI_202 POI_65 POI_2 POI_90 POI_35 POI_188 POI_230 POI_131 POI_228 POI_84 POI_57 POI_55,POI_88,244 244 244 244 244 244 244 244 244 244 244 244 244 244 244 244 244 244 244,1 4 25 4 35 15 130 8 4 15 13 2 9 2 24 41 16 15 6
POI_17 POI_87 POI_182 POI_183 POI_4 POI_125 POI_213 POI_202 POI_65 POI_2 POI_90 POI_35 POI_188 POI_230 POI_131 POI_228 POI_84 POI_57 POI_55 POI_88,POI_130,244 244 244 244 244 244 244 244 244 244 244 244 244 244 244 244 244 244 244 244,1 4 25 4 35 15 130 8 4 15 13 2 9 2 24 41 16 15 6 1
POI_136 POI_89,POI_208,244 244,1 1
POI_136 POI_89 POI_208,POI_62,244 244 244,1 1 5
POI_136 POI_89 POI_208 POI_62,POI_150,244 244 244 244,1 1 5 55
POI_136 POI_89 POI_208 POI_62 POI_150,POI_93,244 244 244 244 244,1 1 5 55 86
POI_136 POI_89 POI_208 POI_62 POI_150 POI_93,POI_230,244 244 244 244 244 244,1 1 5 55 86 71
POI_136 POI_89 POI_208 POI_62 POI_150 POI_93 POI_230,POI_2,244 244 244 244 244 244 244,1 1 5 55 86 71 9
POI_236 POI_177,POI_235,246 246,1 7
POI_235 POI_68,POI_177,246 246,1 3
POI_235 POI_68 POI_177,POI_66,246 246 246,1 3 7
POI_189 POI_178,POI_90,247 247,1 92
POI_189 POI_178 POI_90,POI_229,247 247 247,1 92 148
POI_189 POI_178 POI_90 POI_229,POI_62,247 247 247 247,1 92 148 117
POI_201 POI_38,POI_235,247 247,1 138
POI_235 POI_12,POI_230,247 247,1 219
POI_235 POI_177,POI_89,249 249,1 47
POI_235 POI_177 POI_89,POI_17,249 249 249,1 47 9
POI_235 POI_177 POI_89 POI_17,POI_87,249 249 249 249,1 47 9 10
POI_235 POI_177 POI_89 POI_17 POI_87,POI_189,249 249 249 249 249,1 47 9 10 2
POI_235 POI_177 POI_89 POI_17 POI_87 POI_189,POI_98,249 249 249 249 249 249,1 47 9 10 2 28
POI_235 POI_177 POI_89 POI_17 POI_87 POI_189 POI_98,POI_65,249 249 249 249 249 249 249,1 47 9 10 2 28 6
POI_235 POI_177 POI_89 POI_17 POI_87 POI_189 POI_98 POI_65,POI_230,249 249 249 249 249 249 249 249,1 47 9 10 2 28 6 68
POI_235 POI_177 POI_89 POI_17 POI_87 POI_189 POI_98 POI_65 POI_230,POI_131,249 249 249 249 249 249 249 249 249,1 47 9 10 2 28 6 68 122
POI_235 POI_177 POI_89 POI_17 POI_87 POI_189 POI_98 POI_65 POI_230 POI_131,POI_202,249 249 249 249 249 249 249 249 249 249,1 47 9 10 2 28 6 68 122 58
POI_235 POI_177 POI_89 POI_17 POI_87 POI_189 POI_98 POI_65 POI_230 POI_131 POI_202,POI_51,249 249 249 249 249 249 249 249 249 249 249,1 47 9 10 2 28 6 68 122 58 13
POI_101 POI_117,POI_131,251 251,1 133
POI_101 POI_117 POI_131,POI_90,251 251 251,1 133 233
POI_101 POI_117 POI_131 POI_90,POI_178,251 251 251 251,1 133 233 9
POI_224 POI_223,POI_230,251 251,1 8
POI_29 POI_68,POI_160,254 254,1 280
POI_126 POI_130,POI_131,255 255,1 12
POI_61 POI_190,POI_120,257 257,1 6
POI_84 POI_131,POI_190,258 258,1 5
POI_84 POI_131 POI_190,POI_203,258 258 258,1 5 12
POI_84 POI_35,POI_188,259 259,1 134
POI_84 POI_35 POI_188,POI_90,259 259 259,1 134 2
POI_84 POI_35 POI_188 POI_90,POI_38,259 259 259 259,1 134 2 11
POI_84 POI_35 POI_188 POI_90 POI_38,POI_236,259 259 259 259 259,1 134 2 11 7
POI_84 POI_35 POI_188 POI_90 POI_38 POI_236,POI_66,259 259 259 259 259 259,1 134 2 11 7 31
POI_84 POI_35 POI_188 POI_90 POI_38 POI_236 POI_66,POI_189,259 259 259 259 259 259 259,1 134 2 11 7 31 88
POI_84 POI_35 POI_188 POI_90 POI_38 POI_236 POI_66 POI_189,POI_98,259 259 259 259 259 259 259 259,1 134 2 11 7 31 88 5
POI_84 POI_35 POI_188 POI_90 POI_38 POI_236 POI_66 POI_189 POI_98,POI_99,259 259 259 259 259 259 259 259 259,1 134 2 11 7 31 88 5 21
POI_84 POI_35 POI_188 POI_90 POI_38 POI_236 POI_66 POI_189 POI_98 POI_99,POI_55,259 259 259 259 259 259 259 259 259 259,1 134 2 11 7 31 88 5 21 17
POI_84 POI_35 POI_188 POI_90 POI_38 POI_236 POI_66 POI_189 POI_98 POI_99 POI_55,POI_231,259 259 259 259 259 259 259 259 259 259 259,1 134 2 11 7 31 88 5 21 17 48
POI_133 POI_70,POI_47,261 261,1 357
POI_131 POI_230,POI_90,269 269,1 97
POI_131 POI_230 POI_90,POI_94,269 269 269,1 97 8
POI_190 POI_230,POI_188,272 272,1 5
POI_190 POI_230 POI_188,POI_235,272 272 272,1 5 66
POI_190 POI_230 POI_188 POI_235,POI_228,272 272 272 272,1 5 66 94
POI_190 POI_230 POI_188 POI_235 POI_228,POI_216,272 272 272 272 272,1 5 66 94 62
POI_190 POI_230 POI_188 POI_235 POI_228 POI_216,POI_182,272 272 272 272 272 272,1 5 66 94 62 71
POI_38 POI_230,POI_108,275 275,1 17
POI_38 POI_230 POI_108,POI_92,275 275 275,1 17 85
POI_38 POI_230 POI_108 POI_92,POI_61,275 275 275 275,1 17 85 54
POI_65 POI_14,POI_136,276 276,1 44
POI_99 POI_97,POI_188,278 278,1 7
POI_99 POI_133,POI_189,278 278,1 5
POI_84 POI_224,POI_228,279 279,1 35
POI_47 POI_190,POI_203,280 280,1 89
POI_150 POI_152,POI_101,280 280,1 62
POI_97 POI_99,POI_177,280 280,1 15
POI_136 POI_189,POI_230,280 280,1 24
POI_38 POI_90,POI_236,281 281,1 8
POI_38 POI_90 POI_236,POI_2,281 281 281,1 8 2
POI_38 POI_90 POI_236 POI_2,POI_190,281 281 281 281,1 8 2 2
POI_38 POI_90 POI_236 POI_2 POI_190,POI_188,281 281 281 281 281,1 8 2 2 5
POI_38 POI_90 POI_236 POI_2 POI_190 POI_188,POI_189,281 281 281 281 281 281,1 8 2 2 5 0
POI_38 POI_90 POI_236 POI_2 POI_190 POI_188 POI_189,POI_231,281 281 281 281 281 281 281,1 8 2 2 5 0 1
POI_38 POI_90 POI_236 POI_2 POI_190 POI_188 POI_189 POI_231,POI_98,281 281 281 281 281 281 281 281,1 8 2 2 5 0 1 4
POI_38 POI_90 POI_236 POI_2 POI_190 POI_188 POI_189 POI_231 POI_98,POI_97,281 281 281 281 281 281 281 281 281,1 8 2 2 5 0 1 4 1
POI_38 POI_90 POI_236 POI_2 POI_190 POI_188 POI_189 POI_231 POI_98 POI_97,POI_106,281 281 281 281 281 281 281 281 281 281,1 8 2 2 5 0 1 4 1 3
POI_101 POI_109,POI_232,281 281,1 13
POI_85 POI_127,POI_131,282 282,1 8
POI_37 POI_187,POI_188,283 283,1 89
POI_37 POI_187 POI_188,POI_190,283 283 283,1 89 125
POI_97 POI_231,POI_189,284 284,1 6
POI_97 POI_231 POI_189,POI_98,284 284 284,1 6 13
POI_97 POI_231 POI_189 POI_98,POI_190,284 284 284 284,1 6 13 13
POI_97 POI_231 POI_189 POI_98 POI_190,POI_35,284 284 284 284 284,1 6 13 13 70
POI_190 POI_38,POI_35,287 287,1 471
POI_190 POI_38 POI_35,POI_188,287 287 287,1 471 69
POI_190 POI_38 POI_35 POI_188,POI_230,287 287 287 287,1 471 69 10
POI_38 POI_90,POI_35,287 287,1 298
POI_2 POI_90,POI_35,287 287,1 343
POI_150 POI_131,POI_133,288 288,1 28
POI_35 POI_104,POI_232,289 289,1 101
POI_51 POI_203,POI_6,290 290,1 350
POI_89 POI_230,POI_90,291 291,1 20
POI_220 POI_103,POI_222,291 291,1 107
POI_65 POI_202,POI_201,292 292,1 3
POI_65 POI_202 POI_201,POI_38,292 292 292,1 3 2
POI_65 POI_202 POI_201 POI_38,POI_90,292 292 292 292,1 3 2 100
POI_65 POI_202 POI_201 POI_38 POI_90,POI_188,292 292 292 292 292,1 3 2 100 74
POI_65 POI_202 POI_201 POI_38 POI_90 POI_188,POI_230,292 292 292 292 292 292,1 3 2 100 74 7
POI_65 POI_202 POI_201 POI_38 POI_90 POI_188 POI_230,POI_190,292 292 292 292 292 292 292,1 3 2 100 74 7 3
POI_84 POI_188,POI_90,294 294,1 54
POI_84 POI_188 POI_90,POI_14,294 294 294,1 54 5
POI_84 POI_188 POI_90 POI_14,POI_136,294 294 294 294,1 54 5 11
POI_84 POI_188 POI_90 POI_14 POI_136,POI_203,294 294 294 294 294,1 54 5 11 17
POI_84 POI_188 POI_90 POI_14 POI_136 POI_203,POI_38,294 294 294 294 294 294,1 54 5 11 17 62
POI_84 POI_188 POI_90 POI_14 POI_136 POI_203 POI_38,POI_189,294 294 294 294 294 294 294,1 54 5 11 17 62 9
POI_84 POI_188 POI_90 POI_14 POI_136 POI_203 POI_38 POI_189,POI_98,294 294 294 294 294 294 294 294,1 54 5 11 17 62 9 91
POI_84 POI_188 POI_90 POI_14 POI_136 POI_203 POI_38 POI_189 POI_98,POI_132,294 294 294 294 294 294 294 294 294,1 54 5 11 17 62 9 91 4
POI_84 POI_188 POI_90 POI_14 POI_136 POI_203 POI_38 POI_189 POI_98 POI_132,POI_230,294 294 294 294 294 294 294 294 294 294,1 54 5 11 17 62 9 91 4 151
POI_90 POI_235,POI_203,295 295,1 127
POI_90 POI_235 POI_203,POI_65,295 295 295,1 127 33
POI_66 POI_188,POI_98,300 300,1 33
POI_66 POI_188 POI_98,POI_189,300 300 300,1 33 25
POI_131 POI_189,POI_230,306 306,1 131
POI_130 POI_131,POI_235,312 312,1 38
POI_74 POI_90,POI_35,313 313,1 73
POI_74 POI_90 POI_35,POI_66,313 313 313,1 73 0
POI_61 POI_190,POI_187,316 316,1 1
POI_65 POI_131,POI_228,316 316,1 53
POI_98 POI_99,POI_131,317 317,1 9
POI_98 POI_99 POI_131,POI_84,317 317 317,1 9 6
POI_98 POI_99 POI_131 POI_84,POI_228,317 317 317 317,1 9 6 9
POI_104 POI_232,POI_118,317 317,1 17
POI_104 POI_232 POI_118,POI_117,317 317 317,1 17 28
POI_104 POI_232 POI_118 POI_117,POI_80,317 317 317 317,1 17 28 10
POI_104 POI_232 POI_118 POI_117 POI_80,POI_81,317 317 317 317 317,1 17 28 10 7
POI_104 POI_232 POI_118 POI_117 POI_80 POI_81,POI_79,317 317 317 317 317 317,1 17 28 10 7 2
POI_104 POI_232 POI_118 POI_117 POI_80 POI_81 POI_79,POI_95,317 317 317 317 317 317 317,1 17 28 10 7 2 0
POI_104 POI_232 POI_118 POI_117 POI_80 POI_81 POI_79 POI_95,POI_228,317 317 317 317 317 317 317 317,1 17 28 10 7 2 0 14
POI_131 POI_84,POI_228,317 317,1 12
POI_131 POI_84 POI_228,POI_229,317 317 317,1 12 7
POI_131 POI_84 POI_228 POI_229,POI_78,317 317 317 317,1 12 7 20
POI_131 POI_84 POI_228 POI_229 POI_78,POI_85,317 317 317 317 317,1 12 7 20 9
POI_131 POI_84 POI_228 POI_229 POI_78 POI_85,POI_150,317 317 317 317 317 317,1 12 7 20 9 7
POI_131 POI_84 POI_228 POI_229 POI_78 POI_85 POI_150,POI_94,317 317 317 317 317 317 317,1 12 7 20 9 7 21
POI_131 POI_84 POI_228 POI_229 POI_78 POI_85 POI_150 POI_94,POI_132,317 317 317 317 317 317 317 317,1 12 7 20 9 7 21 20
POI_189 POI_235,POI_38,317 317,1 234
POI_232 POI_104,POI_109,317 317,1 30
POI_232 POI_104 POI_109,POI_189,317 317 317,1 30 72
POI_232 POI_104 POI_109 POI_189,POI_136,317 317 317 317,1 30 72 169
POI_232 POI_104 POI_109 POI_189 POI_136,POI_89,317 317 317 317 317,1 30 72 169 100
POI_125 POI_4,POI_136,322 322,1 7
POI_84 POI_230,POI_57,323 323,1 8
POI_190 POI_235,POI_90,323 323,1 80
POI_190 POI_235 POI_90,POI_188,323 323 323,1 80 53
POI_190 POI_235 POI_90 POI_188,POI_38,323 323 323 323,1 80 53 15
POI_190 POI_235 POI_90 POI_188 POI_38,POI_14,323 323 323 323 323,1 80 53 15 29
POI_190 POI_235 POI_90 POI_188 POI_38 POI_14,POI_89,323 323 323 323 323 323,1 80 53 15 29 31
POI_190 POI_235 POI_90 POI_188 POI_38 POI_14 POI_89,POI_136,323 323 323 323 323 323 323,1 80 53 15 29 31 45
POI_189 POI_230,POI_231,325 325,1 0
POI_189 POI_230 POI_231,POI_228,325 325 325,1 0 0
POI_189 POI_230 POI_231 POI_228,POI_223,325 325 325 325,1 0 0 0
POI_189 POI_230 POI_231 POI_228 POI_223,POI_224,325 325 325 325 325,1 0 0 0 0
POI_189 POI_230 POI_231 POI_228 POI_223 POI_224,POI_131,325 325 325 325 325 325,1 0 0 0 0 0
POI_189 POI_230 POI_231 POI_228 POI_223 POI_224 POI_131,POI_188,325 325 325 325 325 325 325,1 0 0 0 0 0 100
POI_7 POI_91,POI_221,328 328,1 49
POI_7 POI_91 POI_221,POI_90,328 328 328,1 49 27
POI_235 POI_189,POI_99,335 335,1 4
POI_235 POI_189 POI_99,POI_230,335 335 335,1 4 6
POI_235 POI_189 POI_99 POI_230,POI_203,335 335 335 335,1 4 6 345
POI_235 POI_189 POI_99 POI_230 POI_203,POI_202,335 335 335 335 335,1 4 6 345 317
POI_235 POI_189 POI_99 POI_230 POI_203 POI_202,POI_163,335 335 335 335 335 335,1 4 6 345 317 197
POI_163 POI_205,POI_164,335 335,1 3
POI_163 POI_51,POI_203,340 340,1 132
POI_68 POI_188,POI_65,340 340,1 11
POI_90 POI_190,POI_84,347 347,1 11
POI_188 POI_19,POI_133,347 347,1 4
POI_35 POI_99,POI_231,348 348,1 17
POI_35 POI_99 POI_231,POI_62,348 348 348,1 17 0
POI_35 POI_99 POI_231 POI_62,POI_136,348 348 348 348,1 17 0 70
POI_90 POI_14,POI_189,350 350,1 11
POI_122 POI_120,POI_123,350 350,1 7
POI_137 POI_187,POI_128,350 350,1 55
POI_137 POI_187 POI_128,POI_55,350 350 350,1 55 172
POI_87 POI_74,POI_8,350 350,1 123
POI_35 POI_88,POI_129,350 350,1 24
POI_118 POI_105,POI_61,350 350,1 25
POI_101 POI_108,POI_103,350 350,1 2
POI_78 POI_128,POI_126,350 350,1 34
POI_131 POI_188,POI_230,351 351,1 27
POI_131 POI_188 POI_230,POI_132,351 351 351,1 27 15
POI_190 POI_202,POI_12,354 354,1 182
POI_90 POI_89,POI_2,355 355,1 41
POI_202 POI_133,POI_134,356 356,1 124
POI_202 POI_133 POI_134,POI_32,356 356 356,1 124 12
POI_201 POI_65,POI_202,364 364,1 72
POI_201 POI_65 POI_202,POI_13,364 364 364,1 72 0
POI_201 POI_65 POI_202 POI_13,POI_189,364 364 364 364,1 72 0 20
POI_201 POI_65 POI_202 POI_13 POI_189,POI_230,364 364 364 364 364,1 72 0 20 6
POI_201 POI_65 POI_202 POI_13 POI_189 POI_230,POI_131,364 364 364 364 364 364,1 72 0 20 6 27
POI_201 POI_65 POI_202 POI_13 POI_189 POI_230 POI_131,POI_57,364 364 364 364 364 364 364,1 72 0 20 6 27 13
POI_201 POI_65 POI_202 POI_13 POI_189 POI_230 POI_131 POI_57,POI_223,364 364 364 364 364 364 364 364,1 72 0 20 6 27 13 2
POI_201 POI_65 POI_202 POI_13 POI_189 POI_230 POI_131 POI_57 POI_223,POI_224,364 364 364 364 364 364 364 364 364,1 72 0 20 6 27 13 2 29
POI_201 POI_65 POI_202 POI_13 POI_189 POI_230 POI_131 POI_57 POI_223 POI_224,POI_228,364 364 364 364 364 364 364 364 364 364,1 72 0 20 6 27 13 2 29 40
POI_106 POI_110,POI_131,364 364,1 64
POI_106 POI_110 POI_131,POI_230,364 364 364,1 64 187
POI_106 POI_110 POI_131 POI_230,POI_105,364 364 364 364,1 64 187 9
POI_106 POI_110 POI_131 POI_230 POI_105,POI_8,364 364 364 364 364,1 64 187 9 112
POI_35 POI_202,POI_51,366 366,1 21
POI_35 POI_202 POI_51,POI_90,366 366 366,1 21 31
POI_35 POI_202 POI_51 POI_90,POI_99,366 366 366 366,1 21 31 50
POI_35 POI_202 POI_51 POI_90 POI_99,POI_231,366 366 366 366 366,1 21 31 50 38
POI_35 POI_202 POI_51 POI_90 POI_99 POI_231,POI_132,366 366 366 366 366 366,1 21 31 50 38 4
POI_35 POI_202 POI_51 POI_90 POI_99 POI_231 POI_132,POI_57,366 366 366 366 366 366 366,1 21 31 50 38 4 38
POI_35 POI_202 POI_51 POI_90 POI_99 POI_231 POI_132 POI_57,POI_131,366 366 366 366 366 366 366 366,1 21 31 50 38 4 38 44
POI_35 POI_202 POI_51 POI_90 POI_99 POI_231 POI_132 POI_57 POI_131,POI_230,366 366 366 366 366 366 366 366 366,1 21 31 50 38 4 38 44 1
POI_190 POI_201,POI_103,366 366,1 33
POI_190 POI_201 POI_103,POI_189,366 366 366,1 33 93
POI_190 POI_201 POI_103 POI_189,POI_66,366 366 366 366,1 33 93 119
POI_190 POI_201 POI_103 POI_189 POI_66,POI_97,366 366 366 366 366,1 33 93 119 7
POI_136 POI_99,POI_133,367 367,1 20
POI_136 POI_99 POI_133,POI_76,367 367 367,1 20 49
POI_105 POI_101,POI_104,370 370,1 12
POI_231 POI_99,POI_97,370 370,1 3
POI_68 POI_236,POI_12,373 373,1 0
POI_68 POI_236 POI_12,POI_65,373 373 373,1 0 0
POI_86 POI_85,POI_128,374 374,1 1
POI_86 POI_85 POI_128,POI_129,374 374 374,1 1 9
POI_86 POI_85 POI_128 POI_129,POI_126,374 374 374 374,1 1 9 1
POI_86 POI_85 POI_128 POI_129 POI_126,POI_61,374 374 374 374 374,1 1 9 1 1
POI_86 POI_85 POI_128 POI_129 POI_126 POI_61,POI_2,374 374 374 374 374 374,1 1 9 1 1 12
POI_189 POI_97,POI_230,375 375,1 17
POI_190 POI_14,POI_236,375 375,1 0
POI_188 POI_231,POI_189,377 377,1 9
POI_4 POI_190,POI_179,382 382,1 50
POI_4 POI_190 POI_179,POI_159,382 382 382,1 50 1
POI_190 POI_97,POI_35,386 386,1 51
POI_55 POI_130,POI_98,386 386,1 20
POI_189 POI_35,POI_190,387 387,1 28
POI_189 POI_35 POI_190,POI_230,387 387 387,1 28 26
POI_90 POI_230,POI_97,387 387,1 46
POI_66 POI_189,POI_89,390 390,1 9
POI_66 POI_189 POI_89,POI_161,390 390 390,1 9 54
POI_66 POI_189 POI_89 POI_161,POI_220,390 390 390 390,1 9 54 8
POI_66 POI_189 POI_89 POI_161 POI_220,POI_177,390 390 390 390 390,1 9 54 8 38
POI_66 POI_189 POI_89 POI_161 POI_220 POI_177,POI_150,390 390 390 390 390 390,1 9 54 8 38 34
POI_94 POI_150,POI_151,392 392,1 21
POI_62 POI_220,POI_119,398 398,1 7
POI_62 POI_220 POI_119,POI_110,398 398 398,1 7 122
POI_131 POI_55,POI_130,402 402,1 6
POI_131 POI_55 POI_130,POI_190,402 402 402,1 6 1
POI_131 POI_55 POI_130 POI_190,POI_188,402 402 402 402,1 6 1 5
POI_131 POI_55 POI_130 POI_190 POI_188,POI_189,402 402 402 402 402,1 6 1 5 4
POI_131 POI_55 POI_130 POI_190 POI_188 POI_189,POI_35,402 402 402 402 402 402,1 6 1 5 4 5
POI_131 POI_55 POI_130 POI_190 POI_188 POI_189 POI_35,POI_90,402 402 402 402 402 402 402,1 6 1 5 4 5 4
POI_131 POI_55 POI_130 POI_190 POI_188 POI_189 POI_35 POI_90,POI_235,402 402 402 402 402 402 402 402,1 6 1 5 4 5 4 1
POI_131 POI_55 POI_130 POI_190 POI_188 POI_189 POI_35 POI_90 POI_235,POI_65,402 402 402 402 402 402 402 402 402,1 6 1 5 4 5 4 1 2
POI_131 POI_55 POI_130 POI_190 POI_188 POI_189 POI_35 POI_90 POI_235 POI_65,POI_213,402 402 402 402 402 402 402 402 402 402,1 6 1 5 4 5 4 1 2 135
POI_131 POI_55 POI_130 POI_190 POI_188 POI_189 POI_35 POI_90 POI_235 POI_65 POI_213,POI_47,402 402 402 402 402 402 402 402 402 402 402,1 6 1 5 4 5 4 1 2 135 2
POI_131 POI_55 POI_130 POI_190 POI_188 POI_189 POI_35 POI_90 POI_235 POI_65 POI_213 POI_47,POI_136,402 402 402 402 402 402 402 402 402 402 402 402,1 6 1 5 4 5 4 1 2 135 2 1
POI_131 POI_217,POI_182,405 405,1 119
POI_131 POI_217 POI_182,POI_105,405 405 405,1 119 8
POI_131 POI_217 POI_182 POI_105,POI_90,405 405 405 405,1 119 8 110
POI_203 POI_47,POI_150,406 406,1 109
POI_19 POI_99,POI_97,407 407,1 5
POI_228 POI_190,POI_90,418 418,1 22
POI_188 POI_99,POI_55,420 420,1 23
POI_188 POI_99 POI_55,POI_150,420 420 420,1 23 16
POI_58 POI_131,POI_190,420 420,1 18
POI_131 POI_57,POI_98,421 421,1 5
POI_230 POI_99,POI_38,422 422,1 3
POI_66 POI_190,POI_202,423 423,1 0
POI_57 POI_131,POI_201,423 423,1 0
POI_57 POI_131 POI_201,POI_235,423 423 423,1 0 0
POI_174 POI_91,POI_235,424 424,1 35
POI_190 POI_230,POI_99,427 427,1 2
POI_90 POI_190,POI_99,429 429,1 3
POI_90 POI_190 POI_99,POI_132,429 429 429,1 3 5
POI_90 POI_190 POI_99 POI_132,POI_202,429 429 429 429,1 3 5 17
POI_90 POI_190 POI_99 POI_132 POI_202,POI_187,429 429 429 429 429,1 3 5 17 339
POI_90 POI_190 POI_99 POI_132 POI_202 POI_187,POI_105,429 429 429 429 429 429,1 3 5 17 339 26
POI_90 POI_189,POI_35,429 429,1 3
POI_90 POI_189 POI_35,POI_150,429 429 429,1 3 34
POI_131 POI_84,POI_95,429 429,1 10
POI_131 POI_84 POI_95,POI_37,429 429 429,1 10 29
POI_131 POI_84 POI_95 POI_37,POI_182,429 429 429 429,1 10 29 16
POI_131 POI_84 POI_95 POI_37 POI_182,POI_223,429 429 429 429 429,1 10 29 16 108
POI_131 POI_188,POI_223,432 432,1 213
POI_185 POI_131,POI_230,434 434,1 19
POI_235 POI_38,POI_77,440 440,1 31
POI_134 POI_131,POI_230,443 443,1 15
POI_134 POI_131 POI_230,POI_188,443 443 443,1 15 20
POI_134 POI_131 POI_230 POI_188,POI_51,443 443 443 443,1 15 20 4
POI_99 POI_131,POI_84,448 448,1 10
POI_99 POI_131 POI_84,POI_188,448 448 448,1 10 12
POI_99 POI_131,POI_84,452 452,1 400
POI_99 POI_131 POI_84,POI_231,452 452 452,1 400 131
POI_99 POI_131 POI_84 POI_231,POI_189,452 452 452 452,1 400 131 15
POI_230 POI_4,POI_12,457 457,1 31
POI_79 POI_232,POI_81,459 459,1 155
POI_131 POI_56,POI_57,459 459,1 151
POI_95 POI_38,POI_201,459 459,1 119
POI_120 POI_121,POI_123,459 459,1 491
POI_201 POI_133,POI_132,459 459,1 146
POI_201 POI_133 POI_132,POI_95,459 459 459,1 146 9
POI_201 POI_133 POI_132 POI_95,POI_228,459 459 459 459,1 146 9 151
POI_201 POI_133 POI_132 POI_95 POI_228,POI_231,459 459 459 459 459,1 146 9 151 14
POI_62 POI_177,POI_220,460 460,1 12
POI_62 POI_177 POI_220,POI_136,460 460 460,1 12 123
POI_2 POI_38,POI_236,460 460,1 0
POI_2 POI_38 POI_236,POI_12,460 460 460,1 0 1
POI_2 POI_38 POI_236 POI_12,POI_65,460 460 460 460,1 0 1 4
POI_150 POI_58,POI_130,460 460,1 37
POI_150 POI_58 POI_130,POI_88,460 460 460,1 37 3
POI_150 POI_58 POI_130 POI_88,POI_131,460 460 460 460,1 37 3 4
POI_150 POI_58 POI_130 POI_88 POI_131,POI_14,460 460 460 460 460,1 37 3 4 43
POI_150 POI_58 POI_130 POI_88 POI_131 POI_14,POI_177,460 460 460 460 460 460,1 37 3 4 43 42
POI_130 POI_190,POI_230,460 460,1 22
POI_57 POI_130,POI_12,460 460,1 21
POI_14 POI_97,POI_190,460 460,1 308
POI_14 POI_97 POI_190,POI_188,460 460 460,1 308 20
POI_14 POI_97 POI_190 POI_188,POI_66,460 460 460 460,1 308 20 9
POI_14 POI_97 POI_190 POI_188 POI_66,POI_169,460 460 460 460 460,1 308 20 9 5
POI_130 POI_38,POI_2,460 460,1 56
POI_187 POI_35,POI_90,460 460,1 8
POI_187 POI_35 POI_90,POI_131,460 460 460,1 8 128
POI_187 POI_35 POI_90 POI_131,POI_230,460 460 460 460,1 8 128 16
POI_187 POI_35 POI_90 POI_131 POI_230,POI_88,460 460 460 460 460,1 8 128 16 10
POI_187 POI_35 POI_90 POI_131 POI_230 POI_88,POI_130,460 460 460 460 460 460,1 8 128 16 10 31
POI_187 POI_35 POI_90 POI_131 POI_230 POI_88 POI_130,POI_188,460 460 460 460 460 460 460,1 8 128 16 10 31 0
POI_185 POI_188,POI_99,460 460,1 141
POI_185 POI_188 POI_99,POI_230,460 460 460,1 141 9
POI_185 POI_188 POI_99 POI_230,POI_131,460 460 460 460,1 141 9 2
POI_185 POI_188 POI_99 POI_230 POI_131,POI_190,460 460 460 460 460,1 141 9 2 17
POI_189 POI_13,POI_136,463 463,1 25
POI_189 POI_13 POI_136,POI_62,463 463 463,1 25 18
POI_189 POI_13 POI_136 POI_62,POI_87,463 463 463 463,1 25 18 4
POI_131 POI_84,POI_80,463 463,1 3
POI_131 POI_84 POI_80,POI_232,463 463 463,1 3 36
POI_201 POI_177,POI_38,463 463,1 16
POI_201 POI_177 POI_38,POI_90,463 463 463,1 16 15
POI_201 POI_177 POI_38 POI_90,POI_35,463 463 463 463,1 16 15 16
POI_120 POI_121,POI_122,463 463,1 141
POI_38 POI_2,POI_94,463 463,1 47
POI_90 POI_188,POI_230,465 465,1 182
POI_90 POI_188 POI_230,POI_65,465 465 465,1 182 1
POI_35 POI_57,POI_213,467 467,1 55
POI_88 POI_130,POI_51,468 468,1 0
POI_197 POI_90,POI_66,472 472,1 24
POI_197 POI_90 POI_66,POI_188,472 472 472,1 24 5
POI_197 POI_90 POI_66 POI_188,POI_152,472 472 472 472,1 24 5 0
POI_225 POI_91,POI_73,472 472,1 5
POI_225 POI_91 POI_73,POI_162,472 472 472,1 5 0
POI_225 POI_91 POI_73 POI_162,POI_203,472 472 472 472,1 5 0 6
POI_225 POI_91 POI_73 POI_162 POI_203,POI_65,472 472 472 472 472,1 5 0 6 139
POI_225 POI_91 POI_73 POI_162 POI_203 POI_65,POI_38,472 472 472 472 472 472,1 5 0 6 139 20
POI_225 POI_91 POI_73 POI_162 POI_203 POI_65 POI_38,POI_154,472 472 472 472 472 472 472,1 5 0 6 139 20 51
POI_225 POI_91 POI_73 POI_162 POI_203 POI_65 POI_38 POI_154,POI_236,472 472 472 472 472 472 472 472,1 5 0 6 139 20 51 10
POI_225 POI_91 POI_73 POI_162 POI_203 POI_65 POI_38 POI_154 POI_236,POI_235,472 472 472 472 472 472 472 472 472,1 5 0 6 139 20 51 10 6
POI_62 POI_161,POI_160,472 472,1 1
POI_62 POI_161 POI_160,POI_68,472 472 472,1 1 102
POI_62 POI_161 POI_160 POI_68,POI_159,472 472 472 472,1 1 102 7
POI_62 POI_161 POI_160 POI_68 POI_159,POI_17,472 472 472 472 472,1 1 102 7 66
POI_62 POI_161 POI_160 POI_68 POI_159 POI_17,POI_67,472 472 472 472 472 472,1 1 102 7 66 3
POI_125 POI_4,POI_16,472 472,1 4
POI_14 POI_38,POI_190,482 482,1 2
POI_14 POI_38 POI_190,POI_230,482 482 482,1 2 1
POI_228 POI_188,POI_132,484 484,1 48
POI_224 POI_84,POI_190,489 489,1 4
POI_224 POI_84 POI_190,POI_230,489 489 489,1 4 5
POI_224 POI_84 POI_190 POI_230,POI_99,489 489 489 489,1 4 5 3
POI_224 POI_84 POI_190 POI_230 POI_99,POI_189,489 489 489 489 489,1 4 5 3 2
POI_224 POI_84 POI_190 POI_230 POI_99 POI_189,POI_14,489 489 489 489 489 489,1 4 5 3 2 13
POI_224 POI_84 POI_190 POI_230 POI_99 POI_189 POI_14,POI_13,489 489 489 489 489 489 489,1 4 5 3 2 13 5
POI_224 POI_84 POI_190 POI_230 POI_99 POI_189 POI_14 POI_13,POI_29,489 489 489 489 489 489 489 489,1 4 5 3 2 13 5 0
POI_224 POI_84 POI_190 POI_230 POI_99 POI_189 POI_14 POI_13 POI_29,POI_90,489 489 489 489 489 489 489 489 489,1 4 5 3 2 13 5 0 1
POI_224 POI_84 POI_190 POI_230 POI_99 POI_189 POI_14 POI_13 POI_29 POI_90,POI_35,489 489 489 489 489 489 489 489 489 489,1 4 5 3 2 13 5 0 1 3
POI_224 POI_84 POI_190 POI_230 POI_99 POI_189 POI_14 POI_13 POI_29 POI_90 POI_35,POI_188,489 489 489 489 489 489 489 489 489 489 489,1 4 5 3 2 13 5 0 1 3 3
POI_224 POI_84 POI_190 POI_230 POI_99 POI_189 POI_14 POI_13 POI_29 POI_90 POI_35 POI_188,POI_229,489 489 489 489 489 489 489 489 489 489 489 489,1 4 5 3 2 13 5 0 1 3 3 0
POI_188 POI_131,POI_84,489 489,1 5
POI_228 POI_187,POI_115,489 489,1 7
POI_228 POI_187 POI_115,POI_232,489 489 489,1 7 21
POI_228 POI_187 POI_115 POI_232,POI_80,489 489 489 489,1 7 21 3
POI_228 POI_187 POI_115 POI_232 POI_80,POI_95,489 489 489 489 489,1 7 21 3 11
POI_190 POI_90,POI_97,490 490,1 2
POI_190 POI_90 POI_97,POI_230,490 490 490,1 2 2
POI_35 POI_47,POI_51,491 491,1 0
POI_35 POI_47 POI_51,POI_63,491 491 491,1 0 0
POI_35 POI_47 POI_51 POI_63,POI_131,491 491 491 491,1 0 0 0
POI_35 POI_47 POI_51 POI_63 POI_131,POI_188,491 491 491 491 491,1 0 0 0 0
POI_35 POI_47 POI_51 POI_63 POI_131 POI_188,POI_230,491 491 491 491 491 491,1 0 0 0 0 0
POI_222 POI_51,POI_89,491 491,1 52
POI_2 POI_230,POI_188,492 492,1 8
POI_99 POI_230,POI_150,492 492,1 5
POI_99 POI_230 POI_150,POI_131,492 492 492,1 5 23
POI_90 POI_190,POI_188,492 492,1 4
POI_90 POI_190 POI_188,POI_189,492 492 492,1 4 1
POI_189 POI_224,POI_84,493 493,1 461
POI_189 POI_224 POI_84,POI_188,493 493 493,1 461 42
POI_12 POI_5,POI_11,494 494,1 9
POI_12 POI_5 POI_11,POI_8,494 494 494,1 9 6
POI_12 POI_5 POI_11 POI_8,POI_17,494 494 494 494,1 9 6 13
POI_12 POI_5 POI_11 POI_8 POI_17,POI_14,494 494 494 494 494,1 9 6 13 213
POI_12 POI_5 POI_11 POI_8 POI_17 POI_14,POI_13,494 494 494 494 494 494,1 9 6 13 213 12
POI_12 POI_5 POI_11 POI_8 POI_17 POI_14 POI_13,POI_188,494 494 494 494 494 494 494,1 9 6 13 213 12 2
POI_133 POI_84,POI_131,495 495,1 43
POI_65 POI_223,POI_228,496 496,1 93
POI_65 POI_223 POI_228,POI_190,496 496 496,1 93 73
POI_65 POI_223 POI_228 POI_190,POI_230,496 496 496 496,1 93 73 10
POI_228 POI_84,POI_19,496 496,1 16
POI_228 POI_84 POI_19,POI_223,496 496 496,1 16 7
POI_228 POI_84 POI_19 POI_223,POI_95,496 496 496 496,1 16 7 12
POI_228 POI_84 POI_19 POI_223 POI_95,POI_130,496 496 496 496 496,1 16 7 12 21
POI_228 POI_84 POI_19 POI_223 POI_95 POI_130,POI_131,496 496 496 496 496 496,1 16 7 12 21 39
POI_228 POI_84 POI_19 POI_223 POI_95 POI_130 POI_131,POI_99,496 496 496 496 496 496 496,1 16 7 12 21 39 109
POI_228 POI_84 POI_19 POI_223 POI_95 POI_130 POI_131 POI_99,POI_88,496 496 496 496 496 496 496 496,1 16 7 12 21 39 109 2
POI_228 POI_84 POI_19 POI_223 POI_95 POI_130 POI_131 POI_99 POI_88,POI_55,496 496 496 496 496 496 496 496 496,1 16 7 12 21 39 109 2 52
POI_228 POI_84 POI_19 POI_223 POI_95 POI_130 POI_131 POI_99 POI_88 POI_55,POI_188,496 496 496 496 496 496 496 496 496 496,1 16 7 12 21 39 109 2 52 0
POI_87 POI_216,POI_217,497 497,1 39
POI_87 POI_216 POI_217,POI_98,497 497 497,1 39 16
POI_87 POI_216 POI_217 POI_98,POI_99,497 497 497 497,1 39 16 24
POI_87 POI_216 POI_217 POI_98 POI_99,POI_131,497 497 497 497 497,1 39 16 24 41
POI_87 POI_216 POI_217 POI_98 POI_99 POI_131,POI_55,497 497 497 497 497 497,1 39 16 24 41 4
POI_87 POI_216 POI_217 POI_98 POI_99 POI_131 POI_55,POI_130,497 497 497 497 497 497 497,1 39 16 24 41 4 10
POI_230 POI_35,POI_189,500 500,1 64
POI_230 POI_35 POI_189,POI_190,500 500 500,1 64 112
POI_79 POI_92,POI_80,501 501,1 182
POI_230 POI_65,POI_205,501 501,1 4
POI_230 POI_65 POI_205,POI_173,501 501 501,1 4 5
POI_150 POI_35,POI_235,502 502,1 42
POI_130 POI_235,POI_98,502 502,1 128
POI_130 POI_235 POI_98,POI_87,502 502 502,1 128 36
POI_130 POI_235 POI_98 POI_87,POI_109,502 502 502 502,1 128 36 99
POI_130 POI_235 POI_98 POI_87 POI_109,POI_81,502 502 502 502 502,1 128 36 99 189
POI_130 POI_235 POI_98 POI_87 POI_109 POI_81,POI_84,502 502 502 502 502 502,1 128 36 99 189 50
POI_131 POI_93,POI_150,505 505,1 26
POI_61 POI_187,POI_105,506 506,1 156
POI_61 POI_187 POI_105,POI_7,506 506 506,1 156 20
POI_5 POI_7,POI_61,506 506,1 21
POI_5 POI_7 POI_61,POI_88,506 506 506,1 21 2
POI_136 POI_190,POI_201,506 506,1 182
POI_88 POI_105,POI_38,506 506,1 195
POI_88 POI_105 POI_38,POI_235,506 506 506,1 195 126
POI_88 POI_105 POI_38 POI_235,POI_236,506 506 506 506,1 195 126 3
POI_38 POI_165,POI_88,506 506,1 207
POI_213 POI_165,POI_201,506 506,1 104
POI_213 POI_165 POI_201,POI_38,506 506 506,1 104 15
POI_213 POI_165 POI_201 POI_38,POI_203,506 506 506 506,1 104 15 25
POI_213 POI_165 POI_201 POI_38 POI_203,POI_235,506 506 506 506 506,1 104 15 25 7
POI_205 POI_96,POI_105,506 506,1 121
POI_14 POI_178,POI_2,506 506,1 110
POI_14 POI_178 POI_2,POI_35,506 506 506,1 110 9
POI_14 POI_178 POI_2 POI_35,POI_90,506 506 506 506,1 110 9 15
POI_14 POI_178 POI_2 POI_35 POI_90,POI_236,506 506 506 506 506,1 110 9 15 58
POI_14 POI_178 POI_2 POI_35 POI_90 POI_236,POI_84,506 506 506 506 506 506,1 110 9 15 58 48
POI_235 POI_237,POI_110,506 506,1 88
POI_235 POI_237 POI_110,POI_38,506 506 506,1 88 74
POI_235 POI_237 POI_110 POI_38,POI_202,506 506 506 506,1 88 74 76
POI_235 POI_237 POI_110 POI_38 POI_202,POI_200,506 506 506 506 506,1 88 74 76 33
POI_68 POI_61,POI_38,506 506,1 363
POI_103 POI_110,POI_218,507 507,1 88
POI_103 POI_110 POI_218,POI_131,507 507 507,1 88 137
POI_103 POI_110 POI_218 POI_131,POI_84,507 507 507 507,1 88 137 251
POI_103 POI_110 POI_218 POI_131 POI_84,POI_228,507 507 507 507 507,1 88 137 251 3
POI_103 POI_110 POI_218 POI_131 POI_84 POI_228,POI_190,507 507 507 507 507 507,1 88 137 251 3 11
POI_103 POI_110 POI_218 POI_131 POI_84 POI_228 POI_190,POI_35,507 507 507 507 507 507 507,1 88 137 251 3 11 13
POI_103 POI_110 POI_218 POI_131 POI_84 POI_228 POI_190 POI_35,POI_223,507 507 507 507 507 507 507 507,1 88 137 251 3 11 13 0
POI_103 POI_110 POI_218 POI_131 POI_84 POI_228 POI_190 POI_35 POI_223,POI_224,507 507 507 507 507 507 507 507 507,1 88 137 251 3 11 13 0 0
POI_103 POI_110 POI_218 POI_131 POI_84 POI_228 POI_190 POI_35 POI_223 POI_224,POI_19,507 507 507 507 507 507 507 507 507 507,1 88 137 251 3 11 13 0 0 0
POI_103 POI_110 POI_218 POI_131 POI_84 POI_228 POI_190 POI_35 POI_223 POI_224 POI_19,POI_229,507 507 507 507 507 507 507 507 507 507 507,1 88 137 251 3 11 13 0 0 0 34
POI_68 POI_136,POI_208,507 507,1 4
POI_68 POI_136 POI_208,POI_34,507 507 507,1 4 6
POI_68 POI_136 POI_208 POI_34,POI_16,507 507 507 507,1 4 6 3
POI_68 POI_136 POI_208 POI_34 POI_16,POI_17,507 507 507 507 507,1 4 6 3 2
POI_68 POI_136 POI_208 POI_34 POI_16 POI_17,POI_89,507 507 507 507 507 507,1 4 6 3 2 5
POI_68 POI_136 POI_208 POI_34 POI_16 POI_17 POI_89,POI_51,507 507 507 507 507 507 507,1 4 6 3 2 5 7
POI_68 POI_136 POI_208 POI_34 POI_16 POI_17 POI_89 POI_51,POI_200,507 507 507 507 507 507 507 507,1 4 6 3 2 5 7 92
POI_68 POI_136 POI_208 POI_34 POI_16 POI_17 POI_89 POI_51 POI_200,POI_213,507 507 507 507 507 507 507 507 507,1 4 6 3 2 5 7 92 109
POI_68 POI_136 POI_208 POI_34 POI_16 POI_17 POI_89 POI_51 POI_200 POI_213,POI_202,507 507 507 507 507 507 507 507 507 507,1 4 6 3 2 5 7 92 109 7
POI_68 POI_136 POI_208 POI_34 POI_16 POI_17 POI_89 POI_51 POI_200 POI_213 POI_202,POI_12,507 507 507 507 507 507 507 507 507 507 507,1 4 6 3 2 5 7 92 109 7 2
POI_68 POI_136 POI_208 POI_34 POI_16 POI_17 POI_89 POI_51 POI_200 POI_213 POI_202 POI_12,POI_47,507 507 507 507 507 507 507 507 507 507 507 507,1 4 6 3 2 5 7 92 109 7 2 3
POI_235 POI_98,POI_74,511 511,1 0
POI_235 POI_98 POI_74,POI_14,511 511 511,1 0 0
POI_235 POI_98 POI_74 POI_14,POI_183,511 511 511 511,1 0 0 0
POI_235 POI_98 POI_74 POI_14 POI_183,POI_193,511 511 511 511 511,1 0 0 0 0
POI_235 POI_94,POI_98,511 511,1 7
POI_38 POI_189,POI_3,512 512,1 2
POI_189 POI_35,POI_90,512 512,1 60
POI_189 POI_35 POI_90,POI_38,512 512 512,1 60 23
POI_189 POI_35 POI_90 POI_38,POI_132,512 512 512 512,1 60 23 1
POI_189 POI_35 POI_90 POI_38 POI_132,POI_5,512 512 512 512 512,1 60 23 1 14
POI_189 POI_35 POI_90 POI_38 POI_132 POI_5,POI_12,512 512 512 512 512 512,1 60 23 1 14 3
POI_189 POI_35 POI_90 POI_38 POI_132 POI_5 POI_12,POI_11,512 512 512 512 512 512 512,1 60 23 1 14 3 9
POI_189 POI_35 POI_90 POI_38 POI_132 POI_5 POI_12 POI_11,POI_164,512 512 512 512 512 512 512 512,1 60 23 1 14 3 9 35
POI_35 POI_66,POI_189,515 515,1 17
POI_35 POI_66 POI_189,POI_136,515 515 515,1 17 1
POI_35 POI_66 POI_189 POI_136,POI_62,515 515 515 515,1 17 1 25
POI_35 POI_231,POI_99,519 519,1 484
POI_233 POI_68,POI_231,520 520,1 8
POI_137 POI_189,POI_97,520 520,1 117
POI_185 POI_228,POI_84,521 521,1 6
POI_218 POI_99,POI_188,521 521,1 11
POI_230 POI_131,POI_77,521 521,1 4
POI_152 POI_88,POI_131,524 524,1 115
POI_152 POI_88 POI_131,POI_95,524 524 524,1 115 5
POI_51 POI_65,POI_203,524 524,1 158
POI_236 POI_29,POI_177,526 526,1 7
POI_99 POI_97,POI_58,527 527,1 89
POI_131 POI_84,POI_230,528 528,1 8
POI_131 POI_84 POI_230,POI_97,528 528 528,1 8 83
POI_131 POI_84 POI_230 POI_97,POI_231,528 528 528 528,1 8 83 2
POI_131 POI_84 POI_230 POI_97 POI_231,POI_132,528 528 528 528 528,1 8 83 2 0
POI_131 POI_84 POI_230 POI_97 POI_231 POI_132,POI_100,528 528 528 528 528 528,1 8 83 2 0 29
POI_131 POI_84 POI_230 POI_97 POI_231 POI_132 POI_100,POI_217,528 528 528 528 528 528 528,1 8 83 2 0 29 40
POI_131 POI_84 POI_230 POI_97 POI_231 POI_132 POI_100 POI_217,POI_63,528 528 528 528 528 528 528 528,1 8 83 2 0 29 40 211
POI_131 POI_84 POI_230 POI_97 POI_231 POI_132 POI_100 POI_217 POI_63,POI_68,528 528 528 528 528 528 528 528 528,1 8 83 2 0 29 40 211 3
POI_131 POI_84 POI_230 POI_97 POI_231 POI_132 POI_100 POI_217 POI_63 POI_68,POI_14,528 528 528 528 528 528 528 528 528 528,1 8 83 2 0 29 40 211 3 3
POI_131 POI_84 POI_230 POI_97 POI_231 POI_132 POI_100 POI_217 POI_63 POI_68 POI_14,POI_13,528 528 528 528 528 528 528 528 528 528 528,1 8 83 2 0 29 40 211 3 3 7
POI_131 POI_84 POI_230 POI_97 POI_231 POI_132 POI_100 POI_217 POI_63 POI_68 POI_14 POI_13,POI_169,528 528 528 528 528 528 528 528 528 528 528 528,1 8 83 2 0 29 40 211 3 3 7 2
POI_131 POI_84 POI_230 POI_97 POI_231 POI_132 POI_100 POI_217 POI_63 POI_68 POI_14 POI_13 POI_169,POI_90,528 528 528 528 528 528 528 528 528 528 528 528 528,1 8 83 2 0 29 40 211 3 3 7 2 2
POI_131 POI_84 POI_230 POI_97 POI_231 POI_132 POI_100 POI_217 POI_63 POI_68 POI_14 POI_13 POI_169 POI_90,POI_2,528 528 528 528 528 528 528 528 528 528 528 528 528 528,1 8 83 2 0 29 40 211 3 3 7 2 2 4
POI_131 POI_84 POI_230 POI_97 POI_231 POI_132 POI_100 POI_217 POI_63 POI_68 POI_14 POI_13 POI_169 POI_90 POI_2,POI_38,528 528 528 528 528 528 528 528 528 528 528 528 528 528 528,1 8 83 2 0 29 40 211 3 3 7 2 2 4 0
POI_131 POI_84 POI_230 POI_97 POI_231 POI_132 POI_100 POI_217 POI_63 POI_68 POI_14 POI_13 POI_169 POI_90 POI_2 POI_38,POI_235,528 528 528 528 528 528 528 528 528 528 528 528 528 528 528 528,1 8 83 2 0 29 40 211 3 3 7 2 2 4 0 3
POI_79 POI_232,POI_228,528 528,1 160
POI_221 POI_232,POI_111,528 528,1 220
POI_61 POI_235,POI_38,529 529,1 24
POI_61 POI_235 POI_38,POI_201,529 529 529,1 24 20
POI_57 POI_130,POI_231,530 530,1 5
POI_81 POI_35,POI_90,532 532,1 141
POI_230 POI_51,POI_190,533 533,1 48
POI_230 POI_51 POI_190,POI_47,533 533 533,1 48 210
POI_230 POI_51 POI_190 POI_47,POI_38,533 533 533 533,1 48 210 43
POI_230 POI_51 POI_190 POI_47 POI_38,POI_224,533 533 533 533 533,1 48 210 43 49
POI_163 POI_164,POI_237,535 535,1 29
POI_230 POI_231,POI_98,535 535,1 151
POI_99 POI_230,POI_188,537 537,1 5
POI_99 POI_230 POI_188,POI_190,537 537 537,1 5 121
POI_215 POI_80,POI_190,538 538,1 187
POI_11 POI_201,POI_164,540 540,1 86
POI_11 POI_201 POI_164,POI_204,540 540 540,1 86 38
POI_222 POI_190,POI_57,541 541,1 82
POI_107 POI_76,POI_131,541 541,1 16
POI_107 POI_76 POI_131,POI_190,541 541 541,1 16 77
POI_235 POI_136,POI_2,544 544,1 6
POI_235 POI_136 POI_2,POI_160,544 544 544,1 6 54
POI_235 POI_136 POI_2 POI_160,POI_35,544 544 544 544,1 6 54 47
POI_205 POI_204,POI_133,545 545,1 3
POI_223 POI_84,POI_135,545 545,1 102
POI_177 POI_188,POI_47,548 548,1 0
POI_177 POI_188 POI_47,POI_90,548 548 548,1 0 0
POI_177 POI_188 POI_47 POI_90,POI_190,548 548 548 548,1 0 0 0
POI_117 POI_190,POI_230,552 552,1 18
POI_117 POI_190 POI_230,POI_131,552 552 552,1 18 2
POI_117 POI_190 POI_230 POI_131,POI_84,552 552 552 552,1 18 2 14
POI_117 POI_190 POI_230 POI_131 POI_84,POI_228,552 552 552 552 552,1 18 2 14 7
POI_117 POI_190 POI_230 POI_131 POI_84 POI_228,POI_95,552 552 552 552 552 552,1 18 2 14 7 4
POI_117 POI_190 POI_230 POI_131 POI_84 POI_228 POI_95,POI_186,552 552 552 552 552 552 552,1 18 2 14 7 4 15
POI_117 POI_190 POI_230 POI_131 POI_84 POI_228 POI_95 POI_186,POI_136,552 552 552 552 552 552 552 552,1 18 2 14 7 4 15 9
POI_164 POI_201,POI_65,554 554,1 17
POI_90 POI_38,POI_189,555 555,1 1
POI_90 POI_38 POI_189,POI_131,555 555 555,1 1 5
POI_90 POI_230,POI_189,556 556,1 63
POI_90 POI_230 POI_189,POI_35,556 556 556,1 63 17
POI_90 POI_230 POI_189 POI_35,POI_65,556 556 556 556,1 63 17 136
POI_4 POI_220,POI_218,556 556,1 353
POI_202 POI_12,POI_136,557 557,1 47
POI_230 POI_120,POI_13,558 558,1 41
POI_230 POI_120 POI_13,POI_14,558 558 558,1 41 49
POI_204 POI_10,POI_220,565 565,1 21
POI_204 POI_10 POI_220,POI_213,565 565 565,1 21 74
POI_229 POI_224,POI_159,566 566,1 0
POI_229 POI_224 POI_159,POI_14,566 566 566,1 0 7
POI_229 POI_224 POI_159 POI_14,POI_189,566 566 566 566,1 0 7 2
POI_229 POI_224 POI_159 POI_14 POI_189,POI_230,566 566 566 566 566,1 0 7 2 9
POI_229 POI_224 POI_159 POI_14 POI_189 POI_230,POI_1,566 566 566 566 566 566,1 0 7 2 9 1
POI_57 POI_88,POI_130,569 569,1 10
POI_57 POI_88 POI_130,POI_84,569 569 569,1 10 10
POI_57 POI_88 POI_130 POI_84,POI_131,569 569 569 569,1 10 10 143
POI_5 POI_230,POI_97,570 570,1 20
POI_5 POI_230 POI_97,POI_189,570 570 570,1 20 15
POI_5 POI_230 POI_97 POI_189,POI_66,570 570 570 570,1 20 15 2
POI_5 POI_230 POI_97 POI_189 POI_66,POI_35,570 570 570 570 570,1 20 15 2 4
POI_164 POI_230,POI_189,570 570,1 36
POI_164 POI_230 POI_189,POI_90,570 570 570,1 36 8
POI_164 POI_230 POI_189 POI_90,POI_35,570 570 570 570,1 36 8 8
POI_164 POI_230 POI_189 POI_90 POI_35,POI_169,570 570 570 570 570,1 36 8 8 0
POI_164 POI_230 POI_189 POI_90 POI_35 POI_169,POI_38,570 570 570 570 570 570,1 36 8 8 0 4
POI_164 POI_230 POI_189 POI_90 POI_35 POI_169 POI_38,POI_236,570 570 570 570 570 570 570,1 36 8 8 0 4 1
POI_164 POI_230 POI_189 POI_90 POI_35 POI_169 POI_38 POI_236,POI_12,570 570 570 570 570 570 570 570,1 36 8 8 0 4 1 8
POI_102 POI_236,POI_202,571 571,1 4
POI_102 POI_236 POI_202,POI_190,571 571 571,1 4 2
POI_102 POI_236 POI_202 POI_190,POI_95,571 571 571 571,1 4 2 1
POI_102 POI_236 POI_202 POI_190 POI_95,POI_47,571 571 571 571 571,1 4 2 1 4
POI_102 POI_236 POI_202 POI_190 POI_95 POI_47,POI_5,571 571 571 571 571 571,1 4 2 1 4 150
POI_102 POI_236 POI_202 POI_190 POI_95 POI_47 POI_5,POI_231,571 571 571 571 571 571 571,1 4 2 1 4 150 9
POI_102 POI_236 POI_202 POI_190 POI_95 POI_47 POI_5 POI_231,POI_232,571 571 571 571 571 571 571 571,1 4 2 1 4 150 9 347
POI_130 POI_127,POI_85,571 571,1 13
POI_130 POI_127 POI_85,POI_73,571 571 571,1 13 25
POI_104 POI_117,POI_11,571 571,1 140
POI_104 POI_117 POI_11,POI_80,571 571 571,1 140 12
POI_14 POI_189,POI_190,572 572,1 2
POI_14 POI_189 POI_190,POI_230,572 572 572,1 2 29
POI_14 POI_189 POI_190 POI_230,POI_131,572 572 572 572,1 2 29 56
POI_14 POI_189 POI_190 POI_230 POI_131,POI_164,572 572 572 572 572,1 2 29 56 27
POI_14 POI_189 POI_190 POI_230 POI_131 POI_164,POI_65,572 572 572 572 572 572,1 2 29 56 27 52
POI_230 POI_131,POI_229,572 572,1 9
POI_230 POI_131 POI_229,POI_84,572 572 572,1 9 26
POI_161 POI_87,POI_124,572 572,1 7
POI_161 POI_87 POI_124,POI_61,572 572 572,1 7 50
POI_161 POI_87 POI_124 POI_61,POI_90,572 572 572 572,1 7 50 249
POI_35 POI_190,POI_84,577 577,1 8
POI_218 POI_228,POI_81,578 578,1 34
POI_218 POI_228 POI_81,POI_80,578 578 578,1 34 16
POI_218 POI_228 POI_81 POI_80,POI_185,578 578 578 578,1 34 16 3
POI_201 POI_190,POI_189,580 580,1 119
POI_55 POI_188,POI_66,581 581,1 11
POI_55 POI_188 POI_66,POI_230,581 581 581,1 11 38
POI_55 POI_188 POI_66 POI_230,POI_150,581 581 581 581,1 11 38 16
POI_182 POI_124,POI_213,581 581,1 170
POI_14 POI_13,POI_164,581 581,1 2
POI_161 POI_137,POI_208,581 581,1 33
POI_161 POI_137 POI_208,POI_230,581 581 581,1 33 52
POI_119 POI_110,POI_61,581 581,1 9
POI_110 POI_119,POI_5,581 581,1 17
POI_5 POI_119,POI_110,581 581,1 284
POI_5 POI_119 POI_110,POI_105,581 581 581,1 284 7
