poiID,theme,subTheme,poiName,lat,long
1,Structure,Government agencies,Perth_Town_Hall,-31.955,115.860556
2,Structure,Government agencies,Parliament_House_of_Perth,-31.951634,115.847209
3,Structure,Library,State_Library_of_Western_Australia,-31.949031,115.860513
4,Precinct,Dwelling (House),Chinatown_of_Perth,-31.946,115.854
5,Precinct,Dwelling (House),Northbridge_of_Western_Australia,-31.946,115.854
6,Park,Informal Outdoor Facility (Park/Garden/Reserve),Supreme_Court_Gardens,-31.9585,115.8599
7,Park,Informal Outdoor Facility (Park/Garden/Reserve),Stirling_Gardens,-31.9565,115.86
8,Park,Informal Outdoor Facility (Park/Garden/Reserve),Queens_Gardens_of_Perth,-31.9595,115.8766
9,Park,Informal Outdoor Facility (Park/Garden/Reserve),Russell_Square_of_Perth,-31.9461,115.8555
10,Park,Informal Outdoor Facility (Park/Garden/Reserve),Kings_Park_of_Western_Australia,-31.96,115.83
11,Park,Informal Outdoor Facility (Park/Garden/Reserve),Hyde_Park_of_Perth,-31.9379,115.8628
12,Cultural,Art Gallery/Museum,Art_Gallery_of_Western_Australia,-31.950624,115.860898
13,Cultural,Art Gallery/Museum,Western_Australian_Museum,-31.94956,115.861391
14,Sport,Stadium,WACA_Ground,-31.96,115.87972
15,Sport,Stadium,Perth_Oval,-31.94583,115.87
16,Transport,Railway Station,East_Perth_railway_station,-31.943896,115.876976
17,Transport,Railway Station,Perth_railway_station,-31.951493,115.860448
18,Transport,Railway Station,Esplanade_railway_station,-31.956586,115.855476
19,Transport,Bus Station,Esplanade_Busport,-31.9562,115.85465
20,Transport,Bus Station,Wellington_Street_bus_station,-31.9505,115.857
21,Entertainment,Hotel,Crown_Perth,-31.96083,115.89556
22,Entertainment,Theatre Live,Perth_Concert_Hall_of_Western_Australia,-31.95806,115.86361
23,Entertainment,Stadium,Perth_Arena,-31.94833,115.85194
24,Beach,Tourist attraction,Cottesloe_Beach,-31.993,115.757
25,Beach,Tourist attraction,Coogee_of_Western_Australia,-32.119,115.766
